id_inter_ss_lden;surface intersection between statistical sectors and lden noise contour;Surface of the polygone in lnight 45;Percentage of the surface of the polygone in lnight 45;Surface of the polygone in NA70;Percentage of the surface of the polygone in NA70
1;31910,92283;0;0;0;0
2;483352,7067;0;0;0;0
3;122865,8308;0;0;0;0
4;100272,4763;0;0;0;0
5;103160,8595;0;0;0;0
6;38840,96474;0;0;0;0
7;153253,8559;0;0;0;0
8;193434,8209;0;0;0;0
9;177258,6458;0;0;0;0
10;157573,098;0;0;0;0
11;278592,546;0;0;0;0
12;514878,6872;0;0;0;0
13;527331,2928;0;0;0;0
14;297225,0108;0;0;0;0
15;862964,716;0;0;0;0
16;239757,3192;0;0;0;0
17;35452,58111;0;0;0;0
18;35341,56517;0;0;0;0
19;52724,60724;0;0;0;0
20;78649,6346;0;0;0;0
21;61270,59209;0;0;0;0
22;198123,6918;0;0;0;0
23;177297,276;0;0;0;0
24;257320,9241;0;0;0;0
25;295439,266;0;0;0;0
26;188233,7146;0;0;0;0
27;217701,5828;0;0;0;0
28;434075,5136;0;0;0;0
29;45583,09843;0;0;0;0
30;50118,60272;0;0;0;0
31;100460,0953;0;0;0;0
32;103163,5148;0;0;0;0
33;21984,75744;0;0;0;0
34;178846,0388;0;0;0;0
35;24760,73136;0;0;0;0
36;13994,19238;0;0;0;0
37;108939,5401;0;0;0;0
38;61092,4433;0;0;0;0
39;95963,54877;0;0;0;0
40;154878,7778;0;0;0;0
41;98684,55625;0;0;0;0
42;4675,429718;0;0;0;0
43;80051,93195;0;0;0;0
44;113083,4108;0;0;0;0
45;42530,65851;0;0;0;0
46;112193,0624;0;0;0;0
47;15612,43011;0;0;0;0
48;76156,15073;0;0;0;0
49;88276,10326;0;0;0;0
50;1422,088718;0;0;0;0
51;19151,62393;0;0;0;0
52;94671,4504;0;0;0;0
53;160582,8513;0;0;0;0
54;45304,1889;0;0;0;0
55;84261,81188;0;0;0;0
56;57760,2238;0;0;0;0
57;137559,409;0;0;0;0
58;44966,21051;0;0;0;0
59;78258,52874;0;0;0;0
60;151908,997;0;0;0;0
61;6935,638304;0;0;0;0
62;37246,45542;0;0;0;0
63;31786,94253;0;0;0;0
64;253906,5649;0;0;0;0
65;72565,33231;0;0;0;0
66;160576,8461;0;0;0;0
67;12344,5548;0;0;0;0
68;4939,332512;0;0;0;0
69;112705,2403;0;0;0;0
70;82655,35601;0;0;0;0
71;152732,6985;0;0;0;0
72;10383,82555;0;0;0;0
73;82542,57368;0;0;0;0
74;56244,22486;0;0;0;0
75;69804,94587;0;0;0;0
76;140341,9312;0;0;0;0
77;150858,4394;0;0;0;0
78;132827,2942;0;0;0;0
79;179816,7105;0;0;0;0
80;1356,192624;0;0;0;0
81;45291,96414;0;0;0;0
82;141884,1855;0;0;0;0
83;8286,363624;0;0;0;0
84;81763,5892;0;0;0;0
85;227034,9892;0;0;0;0
86;38436,38249;0;0;0;0
87;196458,9708;0;0;0;0
88;115930,5764;0;0;0;0
89;25670,23162;0;0;0;0
90;74393,47019;0;0;0;0
91;89193,75091;0;0;0;0
92;38659,40287;0;0;0;0
93;107772,1771;0;0;0;0
94;28,68189348;0;0;0;0
95;177508,5598;0;0;0;0
96;36619,94457;0;0;0;0
97;146365,7358;0;0;0;0
98;56479,30407;0;0;0;0
99;97338,38351;0;0;0;0
100;9677,895596;0;0;0;0
101;1266972,002;0;0;0;0
102;102588,4126;0;0;0;0
103;13498,15712;0;0;0;0
104;9170,298428;0;0;0;0
105;51666,89393;0;0;0;0
106;3166,687113;0;0;0;0
107;62111,89855;0;0;0;0
108;104972,8696;0;0;0;0
109;84272,55411;0;0;0;0
110;39110,45004;0;0;0;0
111;2246,727115;0;0;0;0
112;131396,9597;0;0;0;0
113;9357,33199;0;0;0;0
114;17567,60836;0;0;0;0
115;146371,9087;0;0;0;0
116;199937,359;0;0;0;0
117;186916,6638;0;0;0;0
118;115543,552;0;0;0;0
119;79662,57753;0;0;0;0
120;53782,77905;0;0;0;0
121;26693,01809;0;0;0;0
122;241,0678227;0;0;0;0
123;311584,4297;0;0;0;0
124;386703,9758;0;0;0;0
125;337306,8484;0;0;0;0
126;312333,1104;0;0;0;0
127;356986,7918;0;0;0;0
128;601260,4222;0;0;0;0
129;132653,7773;0;0;0;0
130;108377,3613;0;0;0;0
131;89150,03802;0;0;0;0
132;6245,347737;0;0;0;0
133;48143,24274;0;0;0;0
134;17754,91608;0;0;0;0
135;70111,05159;0;0;0;0
136;14636,62194;0;0;0;0
137;169002,4814;0;0;0;0
138;55810,48754;0;0;0;0
139;73004,28794;0;0;0;0
140;2343,917818;0;0;0;0
141;157988,1929;0;0;0;0
142;96973,46392;0;0;0;0
143;26990,36104;0;0;0;0
144;104472,8814;0;0;0;0
145;297312,7322;0;0;0;0
146;953,965082;0;0;0;0
147;165291,0143;0;0;0;0
148;62345,69242;0;0;0;0
149;35452,88821;0;0;0;0
150;173843,5672;0;0;0;0
151;18500,42941;0;0;0;0
152;36823,40407;0;0;0;0
153;109865,8537;0;0;0;0
154;31957,48515;0;0;0;0
155;134837,205;0;0;0;0
156;70148,90836;0;0;0;0
157;17932,11272;0;0;0;0
158;25837,6623;0;0;0;0
159;103435,9589;0;0;0;0
160;82795,37007;0;0;0;0
161;120097,0219;0;0;0;0
162;120442,6827;0;0;0;0
163;231900,5227;0;0;0;0
164;179675,2941;0;0;0;0
165;830,8878328;0;0;0;0
166;11859,29311;0;0;0;0
167;85386,6508;0;0;0;0
168;67787,18506;0;0;0;0
169;177026,6112;0;0;0;0
170;178031,0119;0;0;0;0
171;11434,72498;0;0;0;0
172;11930,13255;0;0;0;0
173;32692,426;0;0;0;0
174;75060,92946;0;0;0;0
175;31200,01383;0;0;0;0
176;8317,401893;0;0;0;0
177;44916,23863;0;0;0;0
178;45110,86117;0;0;0;0
179;49404,89933;0;0;0;0
180;87105,24901;0;0;0;0
181;105259,0378;0;0;0;0
182;76955,08372;0;0;0;0
183;125756,8714;0;0;0;0
184;2716,702337;0;0;0;0
185;16191,93507;0;0;0;0
186;71792,71748;0;0;0;0
187;49884,73443;0;0;0;0
188;66857,92088;0;0;0;0
189;1796,240288;0;0;0;0
190;12601,43339;0;0;0;0
191;125897,2976;0;0;0;0
192;179780,9873;0;0;0;0
193;63290,62009;0;0;0;0
194;198768,0012;0;0;0;0
195;625,056465;0;0;0;0
196;80821,05469;0;0;0;0
197;123783,5719;0;0;0;0
198;17773,77526;0;0;0;0
199;106439,0536;0;0;0;0
200;65420,05832;0;0;0;0
201;13937,62038;0;0;0;0
202;110800,6294;0;0;0;0
203;24176,79277;0;0;0;0
204;36257,24479;0;0;0;0
205;22995,74039;0;0;0;0
206;118584,9928;0;0;0;0
207;92608,33086;0;0;0;0
208;135641,6587;0;0;0;0
209;56807,8159;0;0;0;0
210;1873,324299;0;0;0;0
211;109426,7536;0;0;0;0
212;38052,19928;0;0;0;0
213;456,8819723;0;0;0;0
214;117621,2619;0;0;0;0
215;54259,5528;0;0;0;0
216;19443,71266;0;0;0;0
217;86204,62867;0;0;0;0
218;1851,271332;0;0;0;0
219;115986,2167;0;0;0;0
220;72163,08904;0;0;0;0
221;83514,64743;0;0;0;0
222;2446,137707;0;0;0;0
223;1187,857087;0;0;0;0
224;115683,2948;0;0;0;0
225;6123,216451;0;0;0;0
226;28856,30868;0;0;0;0
227;23030,65343;0;0;0;0
228;56798,98227;0;0;0;0
229;192,6402875;0;0;0;0
230;1855,036759;0;0;0;0
231;26987,92892;0;0;0;0
232;132493,9765;0;0;0;0
233;2500,865208;0;0;0;0
234;49060,73229;0;0;0;0
235;205094,7523;0;0;0;0
236;148660,9148;0;0;0;0
237;54850,57097;0;0;0;0
238;49486,30538;0;0;0;0
239;90186,81362;0;0;0;0
240;148275,1278;0;0;0;0
241;475,1021538;0;0;0;0
242;53285,23874;0;0;0;0
243;818,8696191;0;0;0;0
244;121232,3665;0;0;0;0
245;126186,7008;0;0;0;0
246;164325,5965;0;0;0;0
247;8865,825491;0;0;0;0
248;11498,21001;0;0;0;0
249;444739,447;0;0;0;0
250;22724,70004;0;0;0;0
251;14368,04109;0;0;0;0
252;218825,2601;0;0;0;0
253;1853,118422;0;0;0;0
254;16561,7041;0;0;0;0
255;71441,54605;0;0;0;0
256;292288,7631;0;0;0;0
257;322880,5291;0;0;0;0
258;236681,881;36492,13356;15,42;0;0
259;224248,6567;221693,1677;98,86;0;0
260;254464,1795;254464,1795;100;0;0
261;246385,495;246385,495;100;0;0
262;66176,0186;66176,0186;100;0;0
263;194746,7753;0;0;0;0
264;316346,6828;0;0;0;0
265;3575,308561;0;0;0;0
266;131438,9053;0;0;0;0
267;2442,570166;0;0;0;0
268;15371,88212;0;0;0;0
269;5663,750532;0;0;0;0
270;91897,80382;0;0;0;0
271;154378,9208;0;0;0;0
272;111895,0697;0;0;0;0
273;220485,6168;0;0;0;0
274;58280,63015;0;0;0;0
275;209699,1484;0;0;0;0
276;134334,915;0;0;0;0
277;289036,9654;0;0;0;0
278;491249,7884;0;0;0;0
279;687207,2754;0;0;0;0
280;717508,3155;0;0;0;0
281;387978,7459;0;0;0;0
282;14161,88119;0;0;0;0
283;1231,41965;0;0;0;0
284;70174,30384;0;0;0;0
285;1268,63359;0;0;0;0
286;270651,5564;0;0;0;0
287;124018,3091;0;0;0;0
288;4103,468103;2398,510828;58,45;0;0
289;468,1791994;0;0;0;0
290;43674,87633;0;0;0;0
291;37677,20716;0;0;0;0
292;54786,57493;0;0;0;0
293;51740,09064;0;0;0;0
294;69646,88565;0;0;0;0
295;158853,4562;0;0;0;0
296;75901,1725;0;0;0;0
297;16208,36783;0;0;0;0
298;62235,05469;0;0;0;0
299;36595,85681;0;0;0;0
300;55718,01379;0;0;0;0
301;32374,75203;14,0272732;0,04;0;0
302;6722,81274;0;0;0;0
303;287879,0108;0;0;0;0
304;19793,50445;0;0;0;0
305;526,068534;0;0;0;0
306;216691,4689;0;0;0;0
307;121376,5967;0;0;0;0
308;153126,3416;0;0;0;0
309;13542,98925;0;0;0;0
310;9930,433824;0;0;0;0
311;308230,3171;0;0;0;0
312;180008,4107;0;0;0;0
313;83598,15086;0;0;0;0
314;57371,61902;0;0;0;0
315;90862,0991;0;0;0;0
316;17058,48125;0;0;0;0
317;177009,4068;0;0;0;0
318;76124,41317;0;0;0;0
319;160905,3627;0;0;0;0
320;75532,87327;0;0;0;0
321;11312,90377;0;0;0;0
322;515051,8115;0;0;0;0
323;675643,4881;0;0;0;0
324;341352,1049;0;0;0;0
325;33563,11781;0;0;0;0
326;205280,6514;0;0;0;0
327;5888,256931;0;0;0;0
328;165984,6159;0;0;0;0
329;11127,96961;0;0;0;0
330;19369,77618;0;0;0;0
331;207426,6671;0;0;0;0
332;85043,22939;67319,7546;79,16;0;0
333;1614,027735;1614,027735;100;0;0
334;119265,6042;119265,6042;100;0;0
335;69383,0254;69383,0254;100;0;0
336;8423,666699;8423,666699;100;0;0
337;28312,71482;19658,17053;69,43;0;0
338;278179,681;264665,4242;95,14;0;0
339;267863,5117;267863,5117;100;0;0
340;92716,26643;92716,26643;100;0;0
341;16909,5983;16909,5983;100;0;0
342;165363,0618;165363,0618;100;0;0
343;49551,55372;49551,55372;100;0;0
344;110821,6575;73175,11049;66,03;0;0
345;120848,8254;120848,8254;100;0;0
346;41993,01578;41993,01578;100;0;0
347;86174,26214;0;0;0;0
348;241371,8791;181517,6465;75,2;0;0
349;20121,48366;0;0;0;0
350;73077,07797;63882,97215;87,42;0;0
351;14141,56089;14141,56089;100;0;0
352;83080,76507;83080,76507;100;0;0
353;71945,3056;71945,3056;100;0;0
354;25280,52438;25280,52438;100;0;0
355;142746,6375;142746,6375;100;0;0
356;139304,0835;139304,0835;100;0;0
357;17376,59416;17376,59416;100;0;0
358;49908,98986;49908,98986;100;0;0
359;293509,0582;293509,0582;100;148186,4591;50,48786571
360;567269,7965;567269,7965;100;484329,4678;85,37903317
361;1510,147334;1510,147334;100;1510,147334;100
362;41888,3025;41888,3025;100;0;0
363;204299,9654;204299,9654;100;0;0
364;70595,55458;70595,55458;100;0;0
365;177890,5749;177890,5749;100;0;0
366;845896,8221;845896,8221;100;390210,0935;46,1297505
367;119142,061;119142,061;100;100119,5659;84,03377031
368;81700,01961;81700,01961;100;76818,32105;94,02485019
369;256133,5557;256133,5557;100;256133,5557;100
370;307817,2779;307817,2779;100;307817,2779;100
371;29830,41746;29830,41746;100;29830,41746;100
372;36303,62413;36303,62413;100;0;0
373;101774,3843;101774,3843;100;0;0
374;68185,3873;68185,3873;100;4008,790916;5,879252248
375;35887,80772;35887,80772;100;35887,80772;100
376;63439,36482;63439,36482;100;63439,36482;100
377;2142,178625;2142,178625;100;2142,178625;100
378;684,5011018;684,5011018;100;684,5011018;100
379;136435,588;136435,588;100;136435,588;100
380;145999,3573;145999,3573;100;145999,3573;100
381;12025,42577;12025,42577;100;12025,42577;100
382;119840,5997;119840,5997;100;0;0
383;383664,858;383664,858;100;1723,0394;0,449100136
384;645164,079;645164,079;100;99573,07013;15,43375916
385;713803,412;713803,412;100;606172,297;84,92146252
386;216129,0313;216129,0313;100;216129,0313;100
387;74752,73255;74752,73255;100;74752,73255;100
388;122114,372;122114,372;100;122114,372;100
389;123447,1749;123447,1749;100;123447,1749;100
390;209819,1325;209819,1325;100;209819,1325;100
391;121803,7115;121803,7115;100;121803,7115;100
392;7273,141017;7273,141017;100;7273,141017;100
393;183577,0065;183577,0065;100;0;0
394;764706,6134;764706,6134;100;0;0
395;672600,6116;672600,6116;100;85694,86965;12,74082541
396;404918,9862;404918,9862;100;359843,2782;88,86796877
397;80343,20588;80343,20588;100;80343,20588;100
398;2365,212074;0;0;0;0
399;28093,31932;0;0;0;0
400;9670,568027;0;0;0;0
401;145594,6939;0;0;0;0
402;12933,19032;0;0;0;0
403;87574,24743;0;0;0;0
404;77317,42668;0;0;0;0
405;58533,18543;0;0;0;0
406;1249,093356;0;0;0;0
407;54862,41947;0;0;0;0
408;4933,653756;0;0;0;0
409;76181,94764;0;0;0;0
410;7103,470793;0;0;0;0
411;51772,04236;0;0;0;0
412;1099,056248;1087,493733;98,95;0;0
413;47502,90795;47502,90795;100;0;0
414;82055,67339;82055,67339;100;0;0
415;64698,13646;64698,13646;100;0;0
416;24788,99697;22283,65396;89,89;0;0
417;140774,7724;140774,7724;100;0;0
418;18996,31119;18996,31119;100;0;0
419;32524,87493;32524,87493;100;0;0
420;2130,035143;2130,035143;100;0;0
421;3516,002862;3516,002862;100;0;0
422;14873,12781;14873,12781;100;0;0
423;43859,66567;43859,66567;100;0;0
424;108285,57;108285,57;100;0;0
425;58705,68297;58705,68297;100;0;0
426;75782,38868;75782,38868;100;0;0
427;43506,42038;43506,42038;100;0;0
428;16162,66394;16162,66394;100;0;0
429;68559,72891;68559,72891;100;0;0
430;85334,68372;85334,68372;100;0;0
431;47409,8064;47409,8064;100;0;0
432;35850,06664;35850,06664;100;0;0
433;184243,8836;184243,8836;100;0;0
434;89256,44417;89256,44417;100;0;0
435;371,6475598;371,6475598;100;0;0
436;5044,761244;4454,714124;88,3;0;0
437;105537,9195;105521,6468;99,98;0;0
438;123047,7562;123047,7562;100;0;0
439;6506,735823;6506,735823;100;0;0
440;35700,64151;0;0;0;0
441;50568,97246;0;0;0;0
442;29833,89563;26224,49772;87,9;0;0
443;34568,17292;34568,17292;100;0;0
444;39293,92136;39293,92136;100;0;0
445;1189,038437;1189,038437;100;0;0
446;42729,37401;42729,37401;100;0;0
447;12193,84035;12193,84035;100;0;0
448;13064,94995;13064,94995;100;0;0
449;78020,18382;78020,18382;100;0;0
450;5790,749443;5790,749443;100;0;0
451;741,204458;741,204458;100;0;0
452;54223,13531;54223,13531;100;0;0
453;3500,624592;3500,624592;100;0;0
454;2272,221633;0;0;0;0
455;78188,47453;17069,70601;21,83;0;0
456;14120,55212;13628,03697;96,51;0;0
457;17509,11766;0;0;0;0
458;32216,17805;0;0;0;0
459;151709,0496;130163,2406;85,8;0;0
460;182330,325;182330,325;100;0;0
461;65884,038;65884,038;100;0;0
462;5661,929274;5661,929274;100;0;0
463;23118,05518;0;0;0;0
464;173294,0809;0;0;0;0
465;11912,0695;0;0;0;0
466;91020,99435;0;0;0;0
467;32893,71537;0;0;0;0
468;38117,189;0;0;0;0
469;49136,15;0;0;0;0
470;9411,441389;0;0;0;0
471;125836,4162;0;0;0;0
472;70737,1904;929,809711;1,31;0;0
473;22352,62864;22329,22254;99,9;0;0
474;39784,04692;39784,04692;100;0;0
475;44244,91008;42538,45641;96,14;0;0
476;87415,09047;87415,09047;100;0;0
477;22480,71673;0;0;0;0
478;130899,452;0;0;0;0
479;26320,6432;0;0;0;0
480;30747,72205;30747,72205;100;0;0
481;71745,4155;71745,4155;100;0;0
482;40444,7255;40444,7255;100;0;0
483;46035,95543;46035,95543;100;0;0
484;31391,26209;31391,26209;100;0;0
485;273269,4883;273269,4883;100;0;0
486;30961,45708;30961,45708;100;0;0
487;11707,31256;0;0;0;0
488;80400,09364;45501,18061;56,59;0;0
489;2165,362869;2165,362869;100;0;0
490;10580,96941;0;0;0;0
491;109370,8939;0;0;0;0
492;121507,4043;32935,23478;27,11;0;0
493;4910,139933;4910,139933;100;0;0
494;7553,942568;0;0;0;0
495;150354,2993;26291,86381;17,49;0;0
496;258158,5054;258158,5054;100;0;0
497;232479,1257;232479,1257;100;0;0
498;3850,815731;3849,785831;99,97;0;0
499;125372,1556;125372,1556;100;0;0
500;1198,422532;1198,422532;100;0;0
501;228298,7065;0;0;0;0
502;243699,0376;0;0;0;0
503;43049,77664;0;0;0;0
504;50548,34996;0;0;0;0
505;13996,97134;0;0;0;0
506;27928,86823;0;0;0;0
507;3683,697082;0;0;0;0
508;127999,2218;0;0;0;0
509;55117,15474;0;0;0;0
510;295,6333956;0;0;0;0
511;92348,86502;0;0;0;0
512;1906,619724;0;0;0;0
513;28087,395;0;0;0;0
514;20325,47237;0;0;0;0
515;157525,8576;0;0;0;0
516;22715,38641;0;0;0;0
517;162003,3195;0;0;0;0
518;53201,89636;0;0;0;0
519;47129,24326;0;0;0;0
520;79562,27738;0;0;0;0
521;99975,23387;0;0;0;0
522;31242,53473;0;0;0;0
523;120554,1726;0;0;0;0
524;197040,8516;0;0;0;0
525;135024,0448;0;0;0;0
526;24951,87711;0;0;0;0
527;16010,08523;0;0;0;0
528;92229,2177;0;0;0;0
529;92749,10899;0;0;0;0
530;388628,6926;0;0;0;0
531;1559,015748;0;0;0;0
532;118261,8045;0;0;0;0
533;32660,368;0;0;0;0
534;60049,24659;0;0;0;0
535;23373,65975;0;0;0;0
536;2284,000439;0;0;0;0
537;94262,9614;0;0;0;0
538;1333,141989;0;0;0;0
539;132693,3533;0;0;0;0
540;42338,65029;0;0;0;0
541;65402,44205;0;0;0;0
542;184869,8727;0;0;0;0
543;226766,7384;0;0;0;0
544;23101,25269;0;0;0;0
545;225702,459;0;0;0;0
546;4281,282439;0;0;0;0
547;93158,35881;0;0;0;0
548;130259,1646;0;0;0;0
549;9430,041161;0;0;0;0
550;97353,86724;0;0;0;0
551;125402,276;0;0;0;0
552;271165,3737;0;0;0;0
553;13047,73734;0;0;0;0
554;104799,9935;0;0;0;0
555;185593,351;0;0;0;0
556;108672,5709;0;0;0;0
557;201480,244;0;0;0;0
558;180041,388;0;0;0;0
559;52011,16494;0;0;0;0
560;86884,37159;0;0;0;0
561;132948,829;0;0;0;0
562;140765,8354;0;0;0;0
563;61303,31582;0;0;0;0
564;161736,6175;0;0;0;0
565;339,391369;0;0;0;0
566;201127,18;0;0;0;0
567;409161,9021;0;0;0;0
568;70467,16129;0;0;0;0
569;3201,018388;0;0;0;0
570;209516,0099;0;0;0;0
571;94884,85901;0;0;0;0
572;78351,62344;0;0;0;0
573;94569,43953;0;0;0;0
574;69855,96213;0;0;0;0
575;751232,7069;0;0;0;0
576;12513,77777;0;0;0;0
577;346632,99;0;0;0;0
578;26813,86181;0;0;0;0
579;120004,934;0;0;0;0
580;28462,88857;0;0;0;0
581;115583,5638;0;0;0;0
582;71739,74313;0;0;0;0
583;15781,99608;0;0;0;0
584;101963,637;0;0;0;0
585;70572,14019;0;0;0;0
586;22088,85626;0;0;0;0
587;76285,95697;0;0;0;0
588;79337,60289;0;0;0;0
589;100323,4366;0;0;0;0
590;49580,36728;0;0;0;0
591;80504,45966;0;0;0;0
592;98870,00016;0;0;0;0
593;3881,863799;0;0;0;0
594;75165,17258;0;0;0;0
595;71811,97451;0;0;0;0
596;12915,46642;0;0;0;0
597;82956,13432;0;0;0;0
598;3213,62154;0;0;0;0
599;51958,668;0;0;0;0
600;55116,2112;0;0;0;0
601;4,662889222;0;0;0;0
602;78002,15295;0;0;0;0
603;849,3746645;0;0;0;0
604;47920,43834;0;0;0;0
605;24286,30737;0;0;0;0
606;36118,70904;0;0;0;0
607;1965,876622;0;0;0;0
608;121146,2307;0;0;0;0
609;156393,2777;0;0;0;0
610;29671,62869;0;0;0;0
611;98641,50586;0;0;0;0
612;26103,89008;0;0;0;0
613;121106,1945;0;0;0;0
614;2795,670151;0;0;0;0
615;98448,70271;0;0;0;0
616;99503,73607;0;0;0;0
617;86198,63467;0;0;0;0
618;22470,71284;0;0;0;0
619;91538,24378;0;0;0;0
620;117145,9104;0;0;0;0
621;5644,475183;0;0;0;0
622;38299,98226;0;0;0;0
623;41351,92344;0;0;0;0
624;67425,72391;0;0;0;0
625;104575,4622;0;0;0;0
626;122055,087;0;0;0;0
627;16966,51799;0;0;0;0
628;1338,046895;0;0;0;0
629;30521,9133;0;0;0;0
630;53394,51078;0;0;0;0
631;98524,91272;0;0;0;0
632;39222,22321;0;0;0;0
633;39325,98506;0;0;0;0
634;6750,061068;0;0;0;0
635;111921,0324;0;0;0;0
636;215211,4814;0;0;0;0
637;299538,5293;0;0;0;0
638;156806,8778;0;0;0;0
639;35986,66592;0;0;0;0
640;208349,6614;0;0;0;0
641;112499,962;0;0;0;0
642;64724,54816;0;0;0;0
643;54185,96386;0;0;0;0
644;103575,9444;0;0;0;0
645;17671,68438;0;0;0;0
646;175562,6363;0;0;0;0
647;19448,1867;0;0;0;0
648;15235,21436;0;0;0;0
649;22730,43297;0;0;0;0
650;115326,1453;0;0;0;0
651;145395,5957;0;0;0;0
652;23613,38902;0;0;0;0
653;18779,11371;0;0;0;0
654;7577,303234;0;0;0;0
655;177563,5468;0;0;0;0
656;826,2788407;0;0;0;0
657;187816,2017;0;0;0;0
658;57531,34966;0;0;0;0
659;12285,79339;0;0;0;0
660;113989,3369;0;0;0;0
661;75864,48372;0;0;0;0
662;51171,76699;0;0;0;0
663;85852,37413;0;0;0;0
664;67863,9132;0;0;0;0
665;95841,00679;0;0;0;0
666;142632,4818;0;0;0;0
667;107104,5889;0;0;0;0
668;79884,90308;0;0;0;0
669;49238,50708;0;0;0;0
670;8614,011973;0;0;0;0
671;77565,30777;0;0;0;0
672;167078,4585;0;0;0;0
673;84547,82548;0;0;0;0
674;27743,01148;0;0;0;0
675;70906,00053;0;0;0;0
676;108901,399;0;0;0;0
677;14957,9162;0;0;0;0
678;45818,1042;0;0;0;0
679;48193,22963;0;0;0;0
680;135911,0584;0;0;0;0
681;43904,31562;0;0;0;0
682;38438,35528;0;0;0;0
683;86776,3757;0;0;0;0
684;37725,76916;0;0;0;0
685;65129,76798;0;0;0;0
686;200156,5729;0;0;0;0
687;47344,91829;0;0;0;0
688;33523,3962;0;0;0;0
689;1336,740422;0;0;0;0
690;54962,49225;0;0;0;0
691;96801,35606;0;0;0;0
692;2643,349517;0;0;0;0
693;37577,20867;0;0;0;0
694;54406,73088;0;0;0;0
695;56110,26279;0;0;0;0
696;26059,95594;0;0;0;0
697;55824,44337;0;0;0;0
698;95217,65553;0;0;0;0
699;760,9058335;0;0;0;0
700;56479,36802;0;0;0;0
701;158389,9682;0;0;0;0
702;49691,65262;0;0;0;0
703;38511,0259;0;0;0;0
704;2773,544752;0;0;0;0
705;19678,4426;0;0;0;0
706;16787,87683;0;0;0;0
707;3234,67071;0;0;0;0
708;29025,61042;0;0;0;0
709;1577,579054;0;0;0;0
710;31676,8247;0;0;0;0
711;7588,967002;0;0;0;0
712;6200,868974;0;0;0;0
713;56580,95105;0;0;0;0
714;1139,530057;0;0;0;0
715;22264,45502;0;0;0;0
716;7791,833399;0;0;0;0
717;32363,42098;0;0;0;0
718;67839,99062;0;0;0;0
719;86,61186535;0;0;0;0
720;91505,78553;0;0;0;0
721;24404,66625;0;0;0;0
722;68218,64083;0;0;0;0
723;196396,2616;0;0;0;0
724;2048,120533;0;0;0;0
725;85674,9528;0;0;0;0
726;83620,0832;0;0;0;0
727;8565,299851;0;0;0;0
728;22464,57317;0;0;0;0
729;121609,6381;0;0;0;0
730;50781,10771;0;0;0;0
731;65103,5848;0;0;0;0
732;102897,1558;0;0;0;0
733;4936,275019;0;0;0;0
734;2907,126346;0;0;0;0
735;50580,53188;0;0;0;0
736;61227,7993;0;0;0;0
737;78374,00488;0;0;0;0
738;49435,08125;0;0;0;0
739;49683,07832;0;0;0;0
740;9,767989673;0;0;0;0
741;125840,154;14035,9706;11,15;0;0
742;6138,777009;6138,777009;100;0;0
743;24480,41619;0;0;0;0
744;128214,1074;0;0;0;0
745;14765,88674;0;0;0;0
746;127921,4162;0;0;0;0
747;1392,236309;0;0;0;0
748;42694,68961;33186,59498;77,73;0;0
749;46281,19723;46281,19723;100;0;0
750;11624,93165;0;0;0;0
751;95586,19396;0;0;0;0
752;7,725357078;0;0;0;0
753;120985,742;0;0;0;0
754;135742,5754;19525,70074;14,38;0;0
755;85372,03229;8445,589398;9,89;0;0
756;112,3428922;112,3428922;100;0;0
757;57199,43829;0;0;0;0
758;88377,61707;37394,39196;42,31;0;0
759;23479,71201;0;0;0;0
760;48144,40852;0;0;0;0
761;126780,3425;0;0;0;0
762;9237,031331;0;0;0;0
763;76921,22815;0;0;0;0
764;4644,385908;0;0;0;0
765;73593,88387;0;0;0;0
766;93310,14121;0;0;0;0
767;3083,763865;0;0;0;0
768;92025,41451;0;0;0;0
769;47331,68442;0;0;0;0
770;62379,45204;0;0;0;0
771;103036,2974;0;0;0;0
772;34207,19166;0;0;0;0
773;69848,96219;0;0;0;0
774;110,5383483;0;0;0;0
775;23400,33181;0;0;0;0
776;59183,45483;0;0;0;0
777;93,86905352;0;0;0;0
778;47253,29949;0;0;0;0
779;64376,61571;0;0;0;0
780;882,6915523;0;0;0;0
781;108440,1405;0;0;0;0
782;53418,1802;0;0;0;0
783;104265,0089;0;0;0;0
784;177638,064;0;0;0;0
785;90464,23559;0;0;0;0
786;9891,516573;0;0;0;0
787;1575,921065;0;0;0;0
788;78428,00132;0;0;0;0
789;92871,05176;0;0;0;0
790;164646,571;0;0;0;0
791;3099,411208;0;0;0;0
792;23417,83116;0;0;0;0
793;56135,12538;0;0;0;0
794;9373,084398;0;0;0;0
795;29336,94218;0;0;0;0
796;168679,1538;0;0;0;0
797;143235,4061;0;0;0;0
798;11730,21554;0;0;0;0
799;6196,180093;0;0;0;0
800;41825,05655;0;0;0;0
801;12341,534;0;0;0;0
802;111762,3142;0;0;0;0
803;110634,2915;0;0;0;0
804;26949,98826;0;0;0;0
805;32833,97659;0;0;0;0
806;87263,51241;0;0;0;0
807;37382,54814;0;0;0;0
808;40101,60817;0;0;0;0
809;144221,4122;0;0;0;0
810;84560,04677;0;0;0;0
811;17917,68624;0;0;0;0
812;158291,0244;0;0;0;0
813;28493,23412;0;0;0;0
814;120075,8296;0;0;0;0
815;92283,81091;0;0;0;0
816;570,7042135;0;0;0;0
817;11445,32321;0;0;0;0
818;125217,7328;0;0;0;0
819;40394,63718;0;0;0;0
820;26709,15884;0;0;0;0
821;35656,03303;0;0;0;0
822;46295,28654;0;0;0;0
823;3894,905162;0;0;0;0
824;7687,178226;0;0;0;0
825;81979,53852;0;0;0;0
826;33023,43025;0;0;0;0
827;68169,07423;0;0;0;0
828;17158,88693;0;0;0;0
829;51480,10597;0;0;0;0
830;51673,69482;0;0;0;0
831;20716,65801;0;0;0;0
832;0,001346814;0;0;0;0
833;48491,34464;0;0;0;0
834;41598,24778;0;0;0;0
835;2971,025096;0;0;0;0
836;55166,61775;0;0;0;0
837;44259,7578;0;0;0;0
838;8086,203336;0;0;0;0
839;82,69212869;0;0;0;0
840;108339,0777;0;0;0;0
841;180945,8496;0;0;0;0
842;154057,4752;0;0;0;0
843;42652,30579;0;0;0;0
844;58308,15485;0;0;0;0
845;14412,16825;0;0;0;0
846;28104,80031;0;0;0;0
847;126177,3181;0;0;0;0
848;78602,18213;0;0;0;0
849;296,393119;0;0;0;0
850;79,99134798;0;0;0;0
851;59964,55698;0;0;0;0
852;50857,1508;274,7148627;0,54;0;0
853;1634,174421;0;0;0;0
854;12396,57541;0;0;0;0
855;13115,35391;0;0;0;0
856;722,196805;0;0;0;0
857;89174,43663;0;0;0;0
858;164270,7928;0;0;0;0
859;66824,81679;0;0;0;0
860;3900,512351;0;0;0;0
861;57726,54787;0;0;0;0
862;5848,249577;0;0;0;0
863;421321,9383;0;0;0;0
864;390379,271;0;0;0;0
865;413455,7724;0;0;0;0
866;582772,6971;0;0;0;0
867;783548,5922;0;0;0;0
868;131154,5148;0;0;0;0
869;70838,83104;0;0;0;0
870;87798,04934;0;0;0;0
871;64463,27547;0;0;0;0
872;173686,4637;0;0;0;0
873;1551,145955;0;0;0;0
874;35724,51229;0;0;0;0
875;76752,25123;0;0;0;0
876;65554,41047;0;0;0;0
877;19960,99514;0;0;0;0
878;16747,79448;0;0;0;0
879;81881,6851;0;0;0;0
880;3808,205183;0;0;0;0
881;54039,44929;0;0;0;0
882;105574,0234;0;0;0;0
883;9414,241175;0;0;0;0
884;46904,60182;0;0;0;0
885;50451,94645;0;0;0;0
886;119209,962;0;0;0;0
887;4139,173202;0;0;0;0
888;64908,33916;0;0;0;0
889;84151,31006;0;0;0;0
890;83111,4429;0;0;0;0
891;65437,68825;0;0;0;0
892;33200,58532;0;0;0;0
893;93063,95412;0;0;0;0
894;166782,0141;0;0;0;0
895;37386,01636;0;0;0;0
896;27649,96338;0;0;0;0
897;102192,5054;0;0;0;0
898;111860,8443;0;0;0;0
899;32585,679;0;0;0;0
900;42,03630977;0;0;0;0
901;93996,3631;0;0;0;0
902;75261,64412;0;0;0;0
903;35399,50585;0;0;0;0
904;4,319683597;0;0;0;0
905;38413,58925;0;0;0;0
906;65470,49888;0;0;0;0
907;15753,17809;0;0;0;0
908;64721,85174;0;0;0;0
909;89663,9024;0;0;0;0
910;3493,30401;0;0;0;0
911;92247,29676;0;0;0;0
912;17137,82184;0;0;0;0
913;113195,9424;0;0;0;0
914;65687,2981;0;0;0;0
915;2058,509577;0;0;0;0
916;26116,14082;0;0;0;0
917;312232,9182;0;0;0;0
918;56226,06585;0;0;0;0
919;115,8838813;0;0;0;0
920;146159,4939;0;0;0;0
921;114046,7982;11927,61411;10,46;0;0
922;87033,80555;0;0;0;0
923;320961,1759;109189,0199;34,02;0;0
924;30296,04596;30296,04596;100;0;0
925;8001,054994;0;0;0;0
926;217619,5323;0;0;0;0
927;149806,3412;14551,93932;9,71;0;0
928;69895,48311;0;0;0;0
929;56794,34312;0;0;0;0
930;126445,2728;0;0;0;0
931;27895,10375;0;0;0;0
932;113134,8776;0;0;0;0
933;7825,815734;0;0;0;0
934;52452,44337;0;0;0;0
935;62594,90208;0;0;0;0
936;28188,63416;0;0;0;0
937;111038,3798;0;0;0;0
938;28702,62783;0;0;0;0
939;111328,4005;0;0;0;0
940;10704,47006;0;0;0;0
941;165146,5047;0;0;0;0
942;45218,42499;0;0;0;0
943;517,5231136;0;0;0;0
944;114015,2367;0;0;0;0
945;190562,954;0;0;0;0
946;46334,09117;0;0;0;0
947;45456,22317;0;0;0;0
948;78538,41548;0;0;0;0
949;66909,72417;0;0;0;0
950;141096,2899;0;0;0;0
951;12947,02907;0;0;0;0
952;67792,1398;0;0;0;0
953;91217,03114;0;0;0;0
954;167089,7875;0;0;0;0
955;31468,03839;0;0;0;0
956;19657,63716;0;0;0;0
957;177089,1175;0;0;0;0
958;193044,2808;0;0;0;0
959;599788,227;0;0;0;0
960;889,0121328;0;0;0;0
961;24107,72523;0;0;0;0
962;88468,60254;0;0;0;0
963;41523,49389;0;0;0;0
964;656,0996215;0;0;0;0
965;106174,2014;0;0;0;0
966;121983,6834;0;0;0;0
967;7163,892975;0;0;0;0
968;57791,68483;0;0;0;0
969;58650,93617;0;0;0;0
970;72248,72259;0;0;0;0
971;13449,93356;0;0;0;0
972;57400,56937;0;0;0;0
973;28377,11931;0;0;0;0
974;37227,79807;0;0;0;0
975;75834,92814;0;0;0;0
976;6977,744723;0;0;0;0
977;65566,5594;0;0;0;0
978;194554,9865;0;0;0;0
979;247517,7895;0;0;0;0
980;97324,75641;0;0;0;0
981;1079,689527;0;0;0;0
982;148215,3595;0;0;0;0
983;104908,9657;90764,34685;86,52;0;0
984;9721,440952;9721,440952;100;0;0
985;74004,25202;0;0;0;0
986;126721,4336;2749,769037;2,17;0;0
987;80635,11929;78759,54059;97,67;0;0
988;40953,98729;40953,98729;100;0;0
989;163035,3548;0;0;0;0
990;50831,70493;0;0;0;0
991;197416,3441;0;0;0;0
992;77243,74104;0;0;0;0
993;165787,4513;0;0;0;0
994;104437,8013;0;0;0;0
995;224090,4937;0;0;0;0
996;32641,86466;23308,55446;71,41;0;0
997;65416,65798;0;0;0;0
998;163334,0243;0;0;0;0
999;71047,0497;0;0;0;0
1000;85185,41297;0;0;0;0
1001;176107,2241;0;0;0;0
1002;197250,0392;0;0;0;0
1003;35630,04358;0;0;0;0
1004;154621,1594;0;0;0;0
1005;215378,439;0;0;0;0
1006;82627,83091;0;0;0;0
1007;24899,64147;0;0;0;0
1008;72470,62194;0;0;0;0
1009;62301,70355;0;0;0;0
1010;70060,57745;0;0;0;0
1011;184546,8668;0;0;0;0
1012;16653,42185;0;0;0;0
1013;55237,00646;0;0;0;0
1014;135928,5103;0;0;0;0
1015;153387,6954;0;0;0;0
1016;364,2408505;0;0;0;0
1017;62298,23715;0;0;0;0
1018;3152,887259;0;0;0;0
1019;101747,2637;0;0;0;0
1020;104422,9784;0;0;0;0
1021;34064,92178;0;0;0;0
1022;44465,5637;0;0;0;0
1023;31925,02458;0;0;0;0
1024;100517,7962;0;0;0;0
1025;119456,1052;0;0;0;0
1026;42210,62515;0;0;0;0
1027;48937,30931;0;0;0;0
1028;64250,19416;0;0;0;0
1029;87368,02814;21127,40811;24,18;0;0
1030;98751,92163;98751,92163;100;0;0
1031;7846,838852;7846,838852;100;0;0
1032;3433,385133;0;0;0;0
1033;44328,42198;0;0;0;0
1034;67075,46009;27938,27458;41,65;0;0
1035;170665,3436;170665,3436;100;0;0
1036;6556,803045;6556,803045;100;0;0
1037;18795,53484;0;0;0;0
1038;160840,1395;0;0;0;0
1039;97547,7081;0;0;0;0
1040;5147,461931;0;0;0;0
1041;8379,151584;0;0;0;0
1042;50830,79661;18746,32522;36,88;0;0
1043;138142,3497;138142,3497;100;0;0
1044;193328,1698;193328,1698;100;0;0
1045;41210,83674;0;0;0;0
1046;50125,29912;0;0;0;0
1047;39992,85845;0;0;0;0
1048;31481,39306;0;0;0;0
1049;66025,10828;0;0;0;0
1050;141427,1094;0;0;0;0
1051;4953,431425;0;0;0;0
1052;2977,236831;0;0;0;0
1053;31982,92143;0;0;0;0
1054;56636,63745;0;0;0;0
1055;102247,4317;0;0;0;0
1056;138224,0837;0;0;0;0
1057;220897,0068;116875,1712;52,91;0;0
1058;65691,45073;65691,45073;100;0;0
1059;41886,88624;0;0;0;0
1060;148315,6136;0;0;0;0
1061;990,8129656;0;0;0;0
1062;56380,74776;0;0;0;0
1063;71035,4039;0;0;0;0
1064;108,2251966;0;0;0;0
1065;600198,9361;0;0;0;0
1066;204803,2114;0;0;0;0
1067;26660,64047;0;0;0;0
1068;92560,80798;0;0;0;0
1069;156187,1577;0;0;0;0
1070;188422,2962;0;0;0;0
1071;1858,866487;0;0;0;0
1072;101768,6514;0;0;0;0
1073;117031,1036;0;0;0;0
1074;85691,56554;0;0;0;0
1075;11079,43177;0;0;0;0
1076;574792,3699;0;0;0;0
1077;867808,7409;0;0;0;0
1078;762380,447;0;0;0;0
1079;651922,0651;0;0;0;0
1080;363827,4783;0;0;0;0
1081;166833,8085;0;0;0;0
1082;12700,14609;0;0;0;0
1083;129130,3191;0;0;0;0
1084;214040,5486;0;0;0;0
1085;735815,8376;0;0;0;0
1086;298899,4535;0;0;0;0
1087;384737,8821;0;0;0;0
1088;476413,1845;0;0;0;0
1089;119239,1024;0;0;0;0
1090;252645,8968;0;0;0;0
1091;207854,3705;0;0;0;0
1092;178395,6653;0;0;0;0
1093;718004,1824;0;0;0;0
1094;340644,0643;0;0;0;0
1095;63362,51354;0;0;0;0
1096;341624,0699;0;0;0;0
1097;69658,749;0;0;0;0
1098;433914,1219;0;0;0;0
1099;229894,2619;0;0;0;0
1100;327161,1412;0;0;0;0
1101;136656,9305;0;0;0;0
1102;127333,2973;0;0;0;0
1103;12519,36871;0;0;0;0
1104;284278,6419;0;0;0;0
1105;307956,0003;0;0;0;0
1106;1181217,164;0;0;0;0
1107;559162,6021;0;0;0;0
1108;357141,0803;0;0;0;0
1109;11268,2918;0;0;0;0
1110;378063,9229;0;0;0;0
1111;918930,7786;0;0;0;0
1112;736914,4227;0;0;0;0
1113;441214,3107;0;0;0;0
1114;67437,56158;0;0;0;0
1115;756954,964;0;0;0;0
1116;42853,68273;0;0;0;0
1117;206256,6499;0;0;0;0
1118;5577,552983;0;0;0;0
1119;361609,143;0;0;0;0
1120;703725,9989;0;0;0;0
1121;46498,76052;0;0;0;0
1122;601620,0064;0;0;0;0
1123;29472,9619;0;0;0;0
1124;214054,6768;0;0;0;0
1125;231731,3992;0;0;0;0
1126;4262,473343;0;0;0;0
1127;570866,6293;0;0;0;0
1128;23124,23031;0;0;0;0
1129;293088,4822;0;0;0;0
1130;141319,8017;0;0;0;0
1131;557941,0257;0;0;0;0
1132;329626,5512;0;0;0;0
1133;108144,0727;0;0;0;0
1134;156409,3962;0;0;0;0
1135;246786,0072;0;0;0;0
1136;9750,189143;0;0;0;0
1137;688134,6746;0;0;0;0
1138;766758,9836;0;0;0;0
1139;355722,536;0;0;0;0
1140;48748,29215;0;0;0;0
1141;22,36797641;0;0;0;0
1142;82466,72508;0;0;0;0
1143;50378,74432;0;0;0;0
1144;263030,214;0;0;0;0
1145;145272,0551;0;0;0;0
1146;359815,6724;0;0;0;0
1147;140203,2481;0;0;0;0
1148;123733,9431;0;0;0;0
1149;310976,9895;0;0;0;0
1150;370710,2411;0;0;0;0
1151;192976,6293;0;0;0;0
1152;38599,66817;0;0;0;0
1153;108062,304;0;0;0;0
1154;107778,9224;0;0;0;0
1155;22941,18022;0;0;0;0
1156;400516,4626;0;0;0;0
1157;897189,5002;0;0;0;0
1158;84992,89391;0;0;0;0
1159;49344,89858;0;0;0;0
1160;863357,5576;0;0;0;0
1161;30430,05902;0;0;0;0
1162;168451,8973;0;0;0;0
1163;173396,9949;0;0;0;0
1164;222772,9052;0;0;0;0
1165;561604,2807;0;0;0;0
1166;287108,6666;0;0;0;0
1167;356753,3862;0;0;0;0
1168;215504,8681;0;0;0;0
1169;410787,1348;0;0;0;0
1170;1052107,655;0;0;0;0
1171;324142,428;0;0;0;0
1172;599855,7737;0;0;0;0
1173;16980,17251;0;0;0;0
1174;244348,818;0;0;0;0
1175;248678,6603;0;0;0;0
1176;202,7105978;0;0;0;0
1177;70818,98383;0;0;0;0
1178;1155674,387;0;0;0;0
1179;61529,94001;0;0;0;0
1180;3983,467519;0;0;0;0
1181;264560,8836;0;0;0;0
1182;105664,8585;0;0;0;0
1183;234431,3365;0;0;0;0
1184;21013,31793;0;0;0;0
1185;1236741,882;0;0;0;0
1186;960295,2829;0;0;0;0
1187;164918,1223;0;0;0;0
1188;312428,6282;0;0;0;0
1189;192691,1015;0;0;0;0
1190;87403,84262;0;0;0;0
1191;245980,5482;0;0;0;0
1192;224328,8575;0;0;0;0
1193;521438,224;0;0;0;0
1194;66575,38849;0;0;0;0
1195;18569,10718;0;0;0;0
1196;251289,8619;0;0;0;0
1197;48550,99175;0;0;0;0
1198;103342,5575;0;0;0;0
1199;51785,98835;0;0;0;0
1200;42200,44714;0;0;0;0
1201;205354,0522;0;0;0;0
1202;86142,40536;0;0;0;0
1203;52337,6215;0;0;0;0
1204;194458,1342;0;0;0;0
1205;59431,39707;0;0;0;0
1206;98545,49955;0;0;0;0
1207;576308,2747;0;0;0;0
1208;335727,8453;0;0;0;0
1209;199230,941;0;0;0;0
1210;336916,4373;0;0;0;0
1211;118773,9568;0;0;0;0
1212;4453,955861;0;0;0;0
1213;344712,629;0;0;0;0
1214;521226,435;0;0;0;0
1215;22586,08348;0;0;0;0
1216;33999,36851;0;0;0;0
1217;295606,697;0;0;0;0
1218;167392,9796;0;0;0;0
1219;141666,9938;0;0;0;0
1220;235282,2816;0;0;0;0
1221;78452,342;0;0;0;0
1222;463987,2621;0;0;0;0
1223;18162,85199;0;0;0;0
1224;376655,9153;0;0;0;0
1225;831632,8609;0;0;0;0
1226;19415,60556;0;0;0;0
1227;126569,7374;0;0;0;0
1228;451224,1591;0;0;0;0
1229;487289,9006;0;0;0;0
1230;364752,3183;0;0;0;0
1231;14037,20358;0;0;0;0
1232;1030,101191;0;0;0;0
1233;202284,1539;0;0;0;0
1234;59237,58379;0;0;0;0
1235;74804,34755;0;0;0;0
1236;266483,3356;0;0;0;0
1237;366667,1244;0;0;0;0
1238;155819,8324;25269,134;16,22;0;0
1239;28650,59302;0;0;0;0
1240;185706,8344;0;0;0;0
1241;130641,151;0;0;0;0
1242;6474,784719;0;0;0;0
1243;14,98214744;0;0;0;0
1244;353898,7672;0;0;0;0
1245;542863,9534;0;0;0;0
1246;1045346,888;0;0;0;0
1247;1101555,29;469770,5934;42,65;0;0
1248;416699,8293;416699,8293;100;0;0
1249;496,1711025;496,1711025;100;0;0
1250;92860,35004;0;0;0;0
1251;113784,2272;0;0;0;0
1252;47651,26875;0;0;0;0
1253;33452,34018;0;0;0;0
1254;26663,32021;0;0;0;0
1255;249174,3199;0;0;0;0
1256;123884,8242;0;0;0;0
1257;86735,41754;0;0;0;0
1258;61721,49495;0;0;0;0
1259;59501,57379;0;0;0;0
1260;37912,87137;0;0;0;0
1261;125,5782177;0;0;0;0
1262;682634,2965;0;0;0;0
1263;836314,4736;0;0;0;0
1264;408981,2612;0;0;0;0
1265;123785,9436;0;0;0;0
1266;1158,558742;0;0;0;0
1267;130598,5846;0;0;0;0
1268;20471,13721;0;0;0;0
1269;76626,3439;0;0;0;0
1270;93760,57451;0;0;0;0
1271;112854,1948;0;0;0;0
1272;243769,0796;0;0;0;0
1273;45140,22512;0;0;0;0
1274;162296,2103;65791,13056;40,54;0;0
1275;281482,1753;281482,1753;100;0;0
1276;3480,20094;3480,20094;100;0;0
1277;8155,881819;0;0;0;0
1278;129698,2964;0;0;0;0
1279;252110,3943;0;0;0;0
1280;286903,446;0;0;0;0
1281;159545,2129;0;0;0;0
1282;96036,36972;0;0;0;0
1283;6463,021349;0;0;0;0
1284;172045,3445;171859,4292;99,89;0;0
1285;352069,52;352069,52;100;0;0
1286;37897,44384;37897,44384;100;0;0
1287;180148,5953;180148,5953;100;0;0
1288;315746,0188;315746,0188;100;0;0
1289;9371,069728;9371,069728;100;0;0
1290;11463,34514;5208,96325;45,44;0;0
1291;127206,2387;127206,2387;100;0;0
1292;161491,4072;161491,4072;100;0;0
1293;22666,91513;22666,91513;100;0;0
1294;41426,11835;0;0;0;0
1295;371299,6703;312958,7896;84,29;0;0
1296;48827,27017;48827,27017;100;0;0
1297;19244,75042;1436,097645;7,46;0;0
1298;64555,35315;64555,35315;100;0;0
1299;155293,3429;0;0;0;0
1300;313854,1652;1010,038183;0,32;0;0
1301;159577,8894;74644,95184;46,78;0;0
1302;9173,08901;0;0;0;0
1303;203754,559;202329,5202;99,3;0;0
1304;191975,4843;191975,4843;100;0;0
1305;167012,0065;12734,18122;7,62;0;0
1306;122699,1188;122633,1313;99,95;0;0
1307;442430,324;0;0;0;0
1308;1063507,347;0;0;0;0
1309;1941,378941;0;0;0;0
1310;6014,047984;0;0;0;0
1311;300846,7972;27541,12618;9,15;0;0
1312;123129,2361;123129,2361;100;0;0
1313;138419,06;0;0;0;0
1314;117698,5415;0;0;0;0
1315;172281,8021;0;0;0;0
1316;349290,756;0;0;0;0
1317;153792,5576;0;0;0;0
1318;29471,46788;0;0;0;0
1319;198456,7725;0;0;0;0
1320;1647114,594;0;0;0;0
1321;1066531,298;0;0;0;0
1322;353038,728;0;0;0;0
1323;67823,40766;0;0;0;0
1324;1419430,784;0;0;0;0
1325;216977,5154;0;0;0;0
1326;587639,5938;0;0;0;0
1327;570464,3193;0;0;0;0
1328;66294,14168;0;0;0;0
1329;43239,62002;0;0;0;0
1330;40021,0708;0;0;0;0
1331;74272,46674;0;0;0;0
1332;81716,57808;0;0;0;0
1333;57161,7547;0;0;0;0
1334;18995,66204;0;0;0;0
1335;2095950,241;0;0;0;0
1336;1638062,268;0;0;0;0
1337;1345474,658;0;0;0;0
1338;703856,4709;0;0;0;0
1339;2203,358393;0;0;0;0
1340;42741,384;0;0;0;0
1341;134203,7477;0;0;0;0
1342;137578,654;0;0;0;0
1343;118658,1493;0;0;0;0
1344;129056,955;0;0;0;0
1345;79036,1316;0;0;0;0
1346;994,3831551;0;0;0;0
1347;466229,1101;0;0;0;0
1348;661250,8155;0;0;0;0
1349;437155,0274;0;0;0;0
1350;185057,6886;0;0;0;0
1351;69328,25141;0;0;0;0
1352;65764,52821;0;0;0;0
1353;79362,41507;25821,34593;32,54;0;0
1354;51046,55297;51046,55297;100;0;0
1355;32168,53602;32168,53602;100;0;0
1356;31334,15622;31334,15622;100;0;0
1357;21979,63588;21979,63588;100;3511,315647;15,97531309
1358;0,136698078;0,136698078;100;0,136698078;100
1359;38800,19092;0;0;0;0
1360;84924,52196;0;0;0;0
1361;87648,41106;0;0;0;0
1362;93281,41326;0;0;0;0
1363;96023,21411;0;0;0;0
1364;95603,6843;0;0;0;0
1365;106023,3486;0;0;0;0
1366;122687,2241;55173,57802;44,97;0;0
1367;122569,6659;122569,6659;100;0;0
1368;118828,2311;118828,2311;100;0;0
1369;104202,5807;104202,5807;100;0;0
1370;95125,72288;95125,72288;100;22050,38274;23,18025249
1371;90081,50674;90081,50674;100;85527,20883;94,94424763
1372;92415,4178;92415,4178;100;92415,4178;100
1373;89481,26686;89481,26686;100;89481,26686;100
1374;113482,2542;113482,2542;100;113482,2542;100
1375;205394,3509;205394,3509;100;205394,3509;100
1376;179308,3471;179308,3471;100;179308,3471;100
1377;5198,430814;5198,430814;100;0;0
1378;85578,01044;85578,01044;100;1561,650277;1,824826576
1379;118070,8181;118070,8181;100;87658,71556;74,24249023
1380;180813,3549;180813,3549;100;180813,3549;100
1381;394878,1658;394878,1658;100;394878,1658;100
1382;548733,837;548733,837;100;548733,837;100
1383;214975,4553;214975,4553;100;214975,4553;100
1384;43991,72294;0;0;0;0
1385;88792,47563;0;0;0;0
1386;82566,363;0;0;0;0
1387;136087,1371;0;0;0;0
1388;242429,3522;0;0;0;0
1389;228875,0813;0;0;0;0
1390;202795,8565;0;0;0;0
1391;183763,3376;112857,3924;61,41;0;0
1392;166891,3921;166891,3921;100;0;0
1393;154605,2172;154605,2172;100;0;0
1394;144980,5709;144980,5709;100;0;0
1395;143457,7125;143457,7125;100;24174,98353;16,85164437
1396;137765,579;137765,579;100;122125,2267;88,64712617
1397;93559,27137;93559,27137;100;93559,27137;100
1398;37423,11594;37423,11594;100;37423,11594;100
1399;623592,9314;0;0;0;0
1400;248636,1611;0;0;0;0
1401;0,191183073;0;0;0;0
1402;60231,30327;0;0;0;0
1403;75296,39986;0;0;0;0
1404;1353,132684;0;0;0;0
1405;228921,2736;0;0;0;0
1406;209285,3578;0;0;0;0
1407;188439,817;0;0;0;0
1408;170856,6485;0;0;0;0
1409;67961,98685;0;0;0;0
1410;2186,597794;0;0;0;0
1411;101457,4028;0;0;0;0
1412;78827,63652;0;0;0;0
1413;42661,25649;0;0;0;0
1414;35463,20006;0;0;0;0
1415;59778,70115;0;0;0;0
1416;89319,38356;0;0;0;0
1417;102900,0697;0;0;0;0
1418;120312,3775;90021,5526;74,82;0;0
1419;113918,6728;113918,6728;100;0;0
1420;98048,9992;98048,9992;100;0;0
1421;83041,06862;83041,06862;100;0;0
1422;70898,1696;70898,1696;100;21467,20262;30,27892362
1423;58666,95765;58666,95765;100;55261,08283;94,19456034
1424;37111,62229;37111,62229;100;37111,62229;100
1425;15951,94769;15951,94769;100;15951,94769;100
1426;216512,0704;0;0;0;0
1427;189203,7262;0;0;0;0
1428;146697,4477;0;0;0;0
1429;45480,52059;0;0;0;0
1430;1,438409493;1,438409493;100;0;0
1431;51703,85747;51703,85747;100;0;0
1432;47565,51702;47565,51702;100;0;0
1433;29537,48607;29537,48607;100;975,382059;3,302183729
1434;21118,44031;21118,44031;100;20253,57663;95,90469913
1435;691,3133988;691,3133988;100;691,3133988;100
1436;17065,16827;0;0;0;0
1437;52197,40105;0;0;0;0
1438;53183,18449;0;0;0;0
1439;42975,21738;31864,86299;74,15;0;0
1440;58054,35972;58054,35972;100;0;0
1441;102341,6603;102341,6603;100;0;0
1442;183727,8542;183727,8542;100;0;0
1443;194468,6212;194468,6212;100;37083,81061;19,069303
1444;232962,1307;232962,1307;100;212734,5526;91,3172248
1445;427818,9317;427818,9317;100;427818,9317;100
1446;382455,6346;382455,6346;100;382455,6346;100
1447;22921,39045;0;0;0;0
1448;59895,22987;0;0;0;0
1449;59079,39331;0;0;0;0
1450;56490,5522;0;0;0;0
1451;55807,96509;40668,69673;72,87;0;0
1452;33986,91469;33986,91469;100;0;0
1453;7205,222522;7205,222522;100;0;0
1454;5087,298759;5087,298759;100;0;0
1455;187832,1654;187832,1654;100;0;0
1456;997,5239702;997,5239702;100;0;0
1457;44410,39261;44410,39261;100;0;0
1458;195724,9181;195724,9181;100;0;0
1459;79958,32509;79958,32509;100;0;0
1460;34543,94406;34543,94406;100;16085,40652;46,56505492
1461;28320,15575;28320,15575;100;28320,15575;100
1462;26187,6067;26187,6067;100;26187,6067;100
1463;5256,036047;5256,036047;100;5256,036047;100
1464;24138,79696;24138,79696;100;0;0
1465;18795,73323;18795,73323;100;0;0
1466;17945,059;17945,059;100;14893,72126;82,99622345
1467;23518,14101;23518,14101;100;23518,14101;100
1468;34925,13032;34925,13032;100;34925,13032;100
1469;22092,31648;22092,31648;100;22092,31648;100
1470;16637,35005;16637,35005;100;16637,35005;100
1471;23072,84318;23072,84318;100;23072,84318;100
1472;24408,32202;24408,32202;100;24408,32202;100
1473;14150,18702;14150,18702;100;14150,18702;100
1474;3728,618963;3728,618963;100;3728,618963;100
1475;575097,2842;575097,2842;100;0;0
1476;1967824,591;1967824,591;100;0;0
1477;203911,8662;203911,8662;100;0;0
1478;846912,9619;846912,9619;100;0;0
1479;530411,4837;530411,4837;100;234916,4518;44,28947317
1480;323711,4089;323711,4089;100;290118,2505;89,62249784
1481;219492,4473;219492,4473;100;219299,2924;99,9119993
1482;209222,3952;209222,3952;100;209222,3952;100
1483;193606,8526;193606,8526;100;193606,8526;100
1484;228539,229;228539,229;100;228539,229;100
1485;290125,4489;290125,4489;100;290125,4489;100
1486;146821,0125;146821,0125;100;146821,0125;100
1487;143280,4172;143280,4172;100;143280,4172;100
1488;98951,13423;98951,13423;100;98951,13423;100
1489;5401,441468;5401,441468;100;5401,441468;100
1490;1051,459163;1051,459163;100;794,4842144;75,56015891
1491;22896,51265;22896,51265;100;22896,51265;100
1492;53523,59471;53523,59471;100;53523,59471;100
1493;65992,26644;65992,26644;100;65992,26644;100
1494;74592,83502;74592,83502;100;74592,83502;100
1495;85249,79345;85249,79345;100;85249,79345;100
1496;105844,7438;105844,7438;100;105844,7438;100
1497;81790,03048;81790,03048;100;81790,03048;100
1498;100042,0981;100042,0981;100;100042,0981;100
1499;9096,451988;9096,451988;100;9096,451988;100
1500;26175,34734;11588,9833;44,27;0;0
1501;16182,43537;16182,43537;100;0;0
1502;35844,76434;35844,76434;100;0;0
1503;37784,49856;37784,49856;100;0;0
1504;40661,68806;40661,68806;100;8013,139995;19,70685522
1505;40819,9186;40819,9186;100;40819,9186;100
1506;36266,08131;36266,08131;100;36266,08131;100
1507;27713,04262;27713,04262;100;27713,04262;100
1508;16519,50064;16519,50064;100;16519,50064;100
1509;1633,832594;1633,832594;100;1633,832594;100
1510;36864,89741;30437,40955;82,56;0;0
1511;72057,10653;72057,10653;100;0;0
1512;40592,32567;40592,32567;100;0;0
1513;16408,47952;0;0;0;0
1514;73512,58468;0;0;0;0
1515;49256,96936;18447,72264;37,45;0;0
1516;36455,30457;36455,30457;100;0;0
1517;8304,730828;8304,730828;100;0;0
1518;6441,632089;0;0;0;0
1519;100610,3235;0;0;0;0
1520;109098,8183;33675,25894;30,87;0;0
1521;79390,10781;79390,10781;100;0;0
1522;41155,79089;41155,79089;100;0;0
1523;31708,24436;31708,24436;100;0;0
1524;15155,68813;15155,68813;100;1804,699038;11,90773406
1525;5256,423381;5256,423381;100;5256,423381;100
1526;463,766271;463,766271;100;463,766271;100
1527;906,8161854;906,8161854;100;0;0
1528;36960,32264;36960,32264;100;0;0
1529;63002,88885;63002,88885;100;0;0
1530;56946,25798;56946,25798;100;7665,969397;13,46176144
1531;49355,42064;49355,42064;100;46318,99422;93,84783601
1532;41535,0873;41535,0873;100;41535,0873;100
1533;34712,36887;34712,36887;100;34712,36887;100
1534;32723,00622;32723,00622;100;32723,00622;100
1535;30778,54366;30778,54366;100;30778,54366;100
1536;27826,63628;27826,63628;100;27826,63628;100
1537;26850,93759;26850,93759;100;26850,93759;100
1538;26486,99879;26486,99879;100;26486,99879;100
1539;28684,00759;28684,00759;100;28684,00759;100
1540;48846,65168;48846,65168;100;48846,65168;100
1541;89653,86838;89653,86838;100;89653,86838;100
1542;5708,961773;5708,961773;100;5708,961773;100
1543;66752,27848;0;0;0;0
1544;355549,0239;0;0;0;0
1545;535729,3892;0;0;0;0
1546;564709,3388;0;0;0;0
1547;398366,7689;676,9048056;0,17;0;0
1548;211372,2843;93405,58208;44,19;0;0
1549;79120,36213;79120,36213;100;0;0
1550;62287,60586;62287,60586;100;0;0
1551;66070,75494;66070,75494;100;0;0
1552;9760,812529;9760,812529;100;0;0
1553;32022,16945;32022,16945;100;0;0
1554;53406,26403;53406,26403;100;0;0
1555;38230,18153;38230,18153;100;0;0
1556;30735,65443;30735,65443;100;3531,408096;11,48961414
1557;30952,25141;30952,25141;100;25231,15949;81,51639489
1558;29121,04538;29121,04538;100;29121,04538;100
1559;23743,05032;23743,05032;100;23743,05032;100
1560;14654,07853;14654,07853;100;14654,07853;100
1561;8422,724177;8422,724177;100;8422,724177;100
1562;5533,052278;5533,052278;100;5533,052278;100
1563;3954,5743;3954,5743;100;3954,5743;100
1564;3203,00374;3203,00374;100;3203,00374;100
1565;2063,562962;2063,562962;100;2063,562962;100
1566;608019,5427;0;0;0;0
1567;540652,6779;0;0;0;0
1568;489321,7677;0;0;0;0
1569;383721,8194;0;0;0;0
1570;375859,4368;0;0;0;0
1571;336066,8001;0;0;0;0
1572;351493,402;100231,9705;28,52;0;0
1573;368863,6435;368863,6435;100;0;0
1574;298058,3977;298058,3977;100;0;0
1575;107458,4153;107458,4153;100;0;0
1576;18442,84378;18442,84378;100;0;0
1577;3472,74301;0;0;0;0
1578;59206,71857;20796,78114;35,13;0;0
1579;57238,91612;57238,91612;100;0;0
1580;57160,04441;57160,04441;100;0;0
1581;61556,60014;61556,60014;100;0;0
1582;69135,16048;69135,16048;100;10864,1956;15,71442884
1583;69165,11603;69165,11603;100;68459,22349;98,97940959
1584;39338,03165;39338,03165;100;39338,03165;100
1585;29776,78832;29776,78832;100;29776,78832;100
1586;31228,05209;31228,05209;100;31228,05209;100
1587;40468,4206;40468,4206;100;40468,4206;100
1588;36372,32127;36372,32127;100;36372,32127;100
1589;31552,9209;31552,9209;100;31552,9209;100
1590;31585,35009;31585,35009;100;31585,35009;100
1591;34519,11902;34519,11902;100;34519,11902;100
1592;30116,61989;0;0;0;0
1593;778781,6755;0;0;0;0
1594;26732,00116;0;0;0;0
1595;42812,25485;0;0;0;0
1596;6556,808733;1499,773329;22,87;0;0
1597;1,581100954;1,581100954;100;0;0
1598;29281,94515;29281,94515;100;0;0
1599;43605,52896;43605,52896;100;0;0
1600;35653,5699;35653,5699;100;0;0
1601;16992,87875;16992,87875;100;4037,934362;23,76250911
1602;23691,80972;23691,80972;100;23691,80972;100
1603;518,723498;518,723498;100;518,723498;100
1604;26498,43514;26498,43514;100;0;0
1605;122736,5264;122736,5264;100;1347,522968;1,097898895
1606;119755,504;119755,504;100;72958,38409;60,92278154
1607;37646,95748;37646,95748;100;37646,95748;100
1608;21496,36116;21496,36116;100;21496,36116;100
1609;6210,89088;6210,89088;100;6210,89088;100
1610;89455,99535;89455,99535;100;89455,99535;100
1611;28268,83617;28268,83617;100;28268,83617;100
1612;8539,545133;8539,545133;100;8539,545133;100
1613;28847,10421;28847,10421;100;28847,10421;100
1614;163258,9515;163258,9515;100;163258,9515;100
1615;199303,2693;199303,2693;100;199303,2693;100
1616;36836,18655;36836,18655;100;36836,18655;100
1617;11861,83022;11861,83022;100;0;0
1618;46818,02553;46818,02553;100;18835,98591;40,23233721
1619;44582,06607;44582,06607;100;44582,06607;100
1620;46591,79253;46591,79253;100;46591,79253;100
1621;26917,64447;26917,64447;100;26917,64447;100
1622;102,0231354;102,0231354;100;0;0
1623;43265,53661;43265,53661;100;0;0
1624;77046,26536;77046,26536;100;0;0
1625;65226,56696;65226,56696;100;0;0
1626;26527,7647;26527,7647;100;0;0
1627;49617,86997;49617,86997;100;0;0
1628;167132,8897;167132,8897;100;0;0
1629;155752,6716;155752,6716;100;0;0
1630;147238,7227;147238,7227;100;0;0
1631;155958,5476;155958,5476;100;348,8617768;0,223688783
1632;193055,9691;193055,9691;100;171621,6106;88,89733447
1633;270603,075;270603,075;100;270603,075;100
1634;220770,7933;220770,7933;100;220770,7933;100
1635;32026,35598;32026,35598;100;32026,35598;100
1636;21616,02902;21616,02902;100;0;0
1637;76400,56119;76400,56119;100;0;0
1638;90424,91875;90424,91875;100;0;0
1639;103573,4177;103573,4177;100;0;0
1640;112959,8434;112959,8434;100;0;0
1641;113823,7524;113823,7524;100;51251,15967;45,02677041
1642;126277,5238;126277,5238;100;126277,5238;100
1643;127183,7713;127183,7713;100;127183,7713;100
1644;151564,4889;151564,4889;100;151564,4889;100
1645;129505,4188;129505,4188;100;129505,4188;100
1646;99850,16752;99850,16752;100;99850,16752;100
1647;82076,72123;82076,72123;100;82076,72123;100
1648;71037,36249;71037,36249;100;71037,36249;100
1649;62083,38867;62083,38867;100;62083,38867;100
1650;34970,2646;34970,2646;100;34970,2646;100
1651;16063,93433;16063,93433;100;16063,93433;100
1652;24836,76634;24836,76634;100;24836,76634;100
1653;28352,67705;28352,67705;100;28352,67705;100
1654;17785,29643;17785,29643;100;17785,29643;100
1655;1700,521718;1700,521718;100;1700,521718;100
1656;3314,360833;0;0;0;0
1657;51295,59328;0;0;0;0
1658;85088,99822;78449,21857;92,2;0;0
1659;75103,58722;75103,58722;100;0;0
1660;3787,035946;3787,035946;100;0;0
1661;19504,28368;19504,28368;100;0;0
1662;59953,97295;59953,97295;100;0;0
1663;5464,723458;5464,723458;100;0;0
1664;39786,65041;0;0;0;0
1665;118295,1863;0;0;0;0
1666;120712,9952;97923,23992;81,12;0;0
1667;98596,71509;98596,71509;100;0;0
1668;78832,65467;78832,65467;100;0;0
1669;57175,08578;57175,08578;100;0;0
1670;27897,41925;27897,41925;100;0;0
1671;14927,65869;14927,65869;100;0;0
1672;4570,823811;4570,823811;100;1288,849882;28,19732143
1673;3204,528889;3204,528889;100;3204,528889;100
1674;27069,10836;27069,10836;100;27069,10836;100
1675;26656,42023;26656,42023;100;26656,42023;100
1676;29595,17396;29595,17396;100;29595,17396;100
1677;41267,86314;41267,86314;100;41267,86314;100
1678;43371,51288;43371,51288;100;43371,51288;100
1679;131197,9492;131197,9492;100;131197,9492;100
1680;109,6787691;109,6787691;100;0;0
1681;51986,71844;51986,71844;100;0;0
1682;10037,39031;10037,39031;100;0;0
1683;8665,735339;8665,735339;100;0;0
1684;56241,64011;56241,64011;100;0;0
1685;87133,50157;87133,50157;100;0;0
1686;59210,10186;59210,10186;100;0;0
1687;26412,87447;26412,87447;100;0;0
1688;54782,35373;54782,35373;100;27840,17563;50,81960474
1689;65420,83291;65420,83291;100;65420,83291;100
1690;54528,78145;54528,78145;100;54528,78145;100
1691;12846,97799;12846,97799;100;12846,97799;100
1692;445,2475113;445,2475113;100;445,2475113;100
1693;47651,48141;47651,48141;100;47651,48141;100
1694;227673,3022;227673,3022;100;227673,3022;100
1695;109996,1921;109996,1921;100;109996,1921;100
1696;12375,34921;12375,34921;100;12375,34921;100
1697;13853,8157;13853,8157;100;13853,8157;100
1698;60573,117;60573,117;100;60573,117;100
1699;113205,7583;113205,7583;100;113205,7583;100
1700;98839,078;98839,078;100;98839,078;100
1701;42672,56872;42672,56872;100;42672,56872;100
1702;55788,26167;55788,26167;100;55788,26167;100
1703;5689,699315;5689,699315;100;5689,699315;100
1704;28472,14224;28472,14224;100;28472,14224;100
1705;41028,40893;41028,40893;100;41028,40893;100
1706;47494,34229;47494,34229;100;47494,34229;100
1707;70268,62407;70268,62407;100;70268,62407;100
1708;69156,7062;69156,7062;100;69156,7062;100
1709;74669,2534;74669,2534;100;74669,2534;100
1710;38474,31336;38474,31336;100;38474,31336;100
1711;1640,862241;1640,862241;100;1640,862241;100
1712;29,79765736;29,79765736;100;29,79765736;100
1713;20744,3456;20744,3456;100;20744,3456;100
1714;45369,65268;45369,65268;100;45369,65268;100
1715;36272,16407;36272,16407;100;36272,16407;100
1716;24478,04413;24478,04413;100;24478,04413;100
1717;0,946708318;0,946708318;100;0,946708318;100
1718;18137,71107;18137,71107;100;18137,71107;100
1719;48219,20143;48219,20143;100;48219,20143;100
1720;53649,03257;53649,03257;100;53649,03257;100
1721;13247,85759;13247,85759;100;13247,85759;100
1722;36800,01775;36800,01775;100;36800,01775;100
1723;39609,86392;39609,86392;100;39609,86392;100
1724;41013,71295;41013,71295;100;41013,71295;100
1725;1446,539159;1446,539159;100;1446,539159;100
1726;22338,35856;22338,35856;100;0;0
1727;250017,9637;250017,9637;100;0;0
1728;466326,6436;466326,6436;100;16253,8379;3,485504876
1729;177441,6468;177441,6468;100;172111,7723;96,99626632
1730;130889,962;130889,962;100;130889,962;100
1731;116506,0253;116506,0253;100;116506,0253;100
1732;76476,48414;76476,48414;100;76476,48414;100
1733;56874,08469;56874,08469;100;56874,08469;100
1734;6412,449478;6412,449478;100;6412,449478;100
1735;85411,10708;85411,10708;100;0;0
1736;149596,6138;149596,6138;100;115422,1311;77,15557736
1737;183908,1726;183908,1726;100;183908,1726;100
1738;209513,6262;209513,6262;100;209513,6262;100
1739;211832,0635;211832,0635;100;211832,0635;100
1740;40415,67499;40415,67499;100;40415,67499;100
1741;413,2315006;413,2315006;100;413,2315006;100
1742;22222,355;22222,355;100;22222,355;100
1743;45848,04857;45848,04857;100;45848,04857;100
1744;57570,49872;57570,49872;100;57570,49872;100
1745;72927,51146;72927,51146;100;72927,51146;100
1746;78215,19407;78215,19407;100;78215,19407;100
1747;70800,31524;70800,31524;100;70800,31524;100
1748;37728,11807;37728,11807;100;37728,11807;100
1749;31057,06204;31057,06204;100;31057,06204;100
1750;26275,11529;26275,11529;100;26275,11529;100
1751;83284,51856;83284,51856;100;83284,51856;100
1752;11130,7554;11130,7554;100;11130,7554;100
1753;108856,1694;108856,1694;100;108856,1694;100
1754;130339,3694;130339,3694;100;130339,3694;100
1755;164945,3176;164945,3176;100;164945,3176;100
1756;147234,2439;147234,2439;100;147234,2439;100
1757;147148,9936;147148,9936;100;147148,9936;100
1758;205298,7482;205298,7482;100;205298,7482;100
1759;181949,5164;181949,5164;100;181949,5164;100
1760;85454,77231;85454,77231;100;85454,77231;100
1761;11297,75336;11297,75336;100;11297,75336;100
1762;8790,926509;8790,926509;100;8790,926509;100
1763;1981,547767;1981,547767;100;1981,547767;100
1764;38702,41788;0;0;0;0
1765;157196,0318;0;0;0;0
1766;31213,39149;0;0;0;0
1767;380542,5508;0;0;0;0
1768;473452,1552;0;0;0;0
1769;221636,6472;0;0;0;0
1770;78610,94609;0;0;0;0
1771;65406,08685;0;0;0;0
1772;91411,1217;0;0;0;0
1773;137654,0775;0;0;0;0
1774;210626,237;0;0;0;0
1775;83884,27262;0;0;0;0
1776;11205,26552;0;0;0;0
1777;41781,58494;0;0;0;0
1778;226496,0005;0;0;0;0
1779;80512,91351;0;0;0;0
1780;44363,97233;0;0;0;0
1781;135211,3711;0;0;0;0
1782;205617,5441;0;0;0;0
1783;149692,8477;0;0;0;0
1784;160160,5987;0;0;0;0
1785;490617,4314;0;0;0;0
1786;212803,2273;0;0;0;0
1787;363081,1115;0;0;0;0
1788;364021,8884;0;0;0;0
1789;82038,38604;0;0;0;0
1790;885973,8924;0;0;0;0
1791;203072,4822;0;0;0;0
1792;229132,8738;0;0;0;0
1793;89433,71497;0;0;0;0
1794;957182,1975;0;0;0;0
1795;449696,3366;0;0;0;0
1796;541723,6383;0;0;0;0
1797;15346,34372;0;0;0;0
1798;18042,26665;0;0;0;0
1799;118630,3392;0;0;0;0
1800;87585,89999;0;0;0;0
1801;140943,3988;0;0;0;0
1802;159645,1668;0;0;0;0
1803;63233,29062;0;0;0;0
1804;3538,390651;0;0;0;0
1805;319660,9193;0;0;0;0
1806;330187,9061;0;0;0;0
1807;44347,40198;0;0;0;0
1808;24406,58318;0;0;0;0
1809;289604,8315;0;0;0;0
1810;67537,37749;0;0;0;0
1811;146563,7432;0;0;0;0
1812;114731,1047;0;0;0;0
1813;177232,3532;0;0;0;0
1814;7333,992725;0;0;0;0
1815;127,1622672;0;0;0;0
1816;797595,957;0;0;0;0
1817;589393,4328;0;0;0;0
1818;639089,9512;0;0;0;0
1819;615948,5517;0;0;0;0
1820;90403,10334;0;0;0;0
1821;8172,88117;0;0;0;0
1822;255123,6021;0;0;0;0
1823;168430,1723;0;0;0;0
1824;5125,413347;0;0;0;0
1825;127762,479;0;0;0;0
1826;195558,5696;0;0;0;0
1827;2203933,987;0;0;0;0
1828;36010,34938;0;0;0;0
1829;153762,1994;0;0;0;0
1830;18869,72219;0;0;0;0
1831;149170,879;0;0;0;0
1832;1155403,006;0;0;0;0
1833;894933,875;0;0;0;0
1834;168614,8632;0;0;0;0
1835;393997,4354;0;0;0;0
1836;188265,2948;0;0;0;0
1837;3691,232508;0;0;0;0
1838;230482,1954;0;0;0;0
1839;523093,2663;0;0;0;0
1840;425773,4904;0;0;0;0
1841;226322,7762;0;0;0;0
1842;17644,61515;0;0;0;0
1843;114652,2018;0;0;0;0
1844;176139,2373;0;0;0;0
1845;2,904618979;0;0;0;0
1846;65933,64838;0;0;0;0
1847;757803,901;0;0;0;0
1848;750627,3317;0;0;0;0
1849;990709,4967;0;0;0;0
1850;711607,7358;0;0;0;0
1851;680327,3972;0;0;0;0
1852;13607,80234;0;0;0;0
1853;126610,0992;0;0;0;0
1854;241186,0035;0;0;0;0
1855;1213627,199;0;0;0;0
1856;1368163,378;0;0;0;0
1857;19066,11769;0;0;0;0
1858;427643,1667;0;0;0;0
1859;56071,15958;0;0;0;0
1860;289425,2293;0;0;0;0
1861;151877,8469;0;0;0;0
1862;215302,1335;0;0;0;0
1863;298211,1667;0;0;0;0
1864;116338,2386;0;0;0;0
1865;545378,5435;0;0;0;0
1866;578132,3798;0;0;0;0
1867;303544,311;0;0;0;0
1868;6743,001383;0;0;0;0
1869;69123,78368;0;0;0;0
1870;432,7966247;0;0;0;0
1871;273018,6458;0;0;0;0
1872;1042993,045;0;0;0;0
1873;2206133,586;0;0;0;0
1874;144289,6796;0;0;0;0
1875;256367,4456;0;0;0;0
1876;230330,0987;0;0;0;0
1877;85492,59713;0;0;0;0
1878;208207,1218;0;0;0;0
1879;133543,7851;0;0;0;0
1880;143779,5285;0;0;0;0
1881;161499,0926;0;0;0;0
1882;349566,578;0;0;0;0
1883;463744,6676;0;0;0;0
1884;440903,8801;0;0;0;0
1885;212651,9017;0;0;0;0
1886;3905,169684;0;0;0;0
1887;37874,582;0;0;0;0
1888;320074,3681;0;0;0;0
1889;610944,0901;0;0;0;0
1890;400924,3227;0;0;0;0
1891;50391,57764;0;0;0;0
1892;211718,641;0;0;0;0
1893;152677,6928;0;0;0;0
1894;111767,2339;0;0;0;0
1895;68738,9037;0;0;0;0
1896;30699,39645;30699,39645;100;5325,543418;17,34738801
1897;123394,6699;123394,6699;100;37808,57624;30,64036419
1898;99051,72896;99051,72896;100;90300,70675;91,16519994
1899;69183,05115;69183,05115;100;69183,05115;100
1900;52489,26406;52489,26406;100;52489,26406;100
1901;34753,03098;34753,03098;100;34753,03098;100
1902;20682,53951;20682,53951;100;20682,53951;100
1903;7796,950689;7796,950689;100;7796,950689;100
1904;5720,287123;5720,287123;100;5720,287123;100
1905;5390,21538;5390,21538;100;5390,21538;100
1906;5242,767482;5242,767482;100;5242,767482;100
1907;5281,827665;5281,827665;100;5281,827665;100
1908;5598,572106;5598,572106;100;5598,572106;100
1909;10420,23915;10420,23915;100;10420,23915;100
1910;10443,18901;10443,18901;100;10443,18901;100
1911;5528,615384;5528,615384;100;5528,615384;100
1912;49,33498872;49,33498872;100;0;0
1913;30506,43485;30506,43485;100;0;0
1914;47536,13768;47536,13768;100;0;0
1915;47051,32164;47051,32164;100;13343,82561;28,36015045
1916;48085,19834;48085,19834;100;37803,5535;78,61785914
1917;47844,55207;47844,55207;100;34505,66052;72,12035442
1918;66651,83399;66651,83399;100;46454,60467;69,69741399
1919;80938,39347;80938,39347;100;51367,37433;63,46478121
1920;51554,71944;51554,71944;100;51554,71944;100
1921;1219,019713;1219,019713;100;0;0
1922;45155,63266;45155,63266;100;45155,63266;100
1923;50678,16952;50678,16952;100;50678,16952;100
1924;37571,48829;37571,48829;100;37571,48829;100
1925;14743,04182;14743,04182;100;14743,04182;100
1926;12748,15328;12748,15328;100;12748,15328;100
1927;14086,55951;14086,55951;100;14086,55951;100
1928;11183,33026;11183,33026;100;11183,33026;100
1929;9904,086567;9904,086567;100;9904,086567;100
1930;7015,129479;7015,129479;100;7015,129479;100
1931;5887,878367;5887,878367;100;5887,878367;100
1932;1524,811509;1524,811509;100;1524,811509;100
1933;11923,25611;11923,25611;100;9111,80386;76,42043228
1934;27812,0273;27812,0273;100;27812,0273;100
1935;19890,15411;19890,15411;100;19890,15411;100
1936;17226,37067;17226,37067;100;17226,37067;100
1937;15258,72213;15258,72213;100;15258,72213;100
1938;13472,76134;13472,76134;100;13472,76134;100
1939;12391,51328;12391,51328;100;12391,51328;100
1940;11886,35979;11886,35979;100;11886,35979;100
1941;11500,92402;11500,92402;100;11500,92402;100
1942;11006,73605;11006,73605;100;11006,73605;100
1943;12309,84824;12309,84824;100;12309,84824;100
1944;28139,30337;28139,30337;100;28139,30337;100
1945;13427,95996;13427,95996;100;13427,95996;100
1946;1730,303327;1730,303327;100;1730,303327;100
1947;9128,463086;9128,463086;100;9128,463086;100
1948;7600,198114;7600,198114;100;7600,198114;100
1949;4571,105929;4571,105929;100;4571,105929;100
1950;10151,60046;10151,60046;100;0;0
1951;120983,5512;120983,5512;100;4,97882876;0,004115294
1952;97144,7305;97144,7305;100;18329,23721;18,86796856
1953;10555,75073;10555,75073;100;9903,206252;93,81811401
1954;4248,339295;4248,339295;100;4248,339295;100
1955;1146,622352;1146,622352;100;1146,622352;100
1956;14859,97571;14859,97571;100;0;0
1957;133469,5281;133469,5281;100;0;0
1958;132298,9172;132298,9172;100;41466,7371;31,34321729
1959;79707,59919;79707,59919;100;76367,08896;95,80904423
1960;74471,08166;74471,08166;100;74471,08166;100
1961;68975,34276;68975,34276;100;68975,34276;100
1962;61411,44022;61411,44022;100;61411,44022;100
1963;55823,86676;55823,86676;100;55823,86676;100
1964;50287,5276;50287,5276;100;50287,5276;100
1965;48778,48446;48778,48446;100;48778,48446;100
1966;50847,43582;50847,43582;100;50847,43582;100
1967;54993,69163;54993,69163;100;54993,69163;100
1968;52734,69709;52734,69709;100;52734,69709;100
1969;77475,90683;77475,90683;100;77475,90683;100
1970;39468,30933;39468,30933;100;39468,30933;100
1971;4274,473536;4274,473536;100;4274,473536;100
1972;38581,05824;38581,05824;100;38581,05824;100
1973;2470,220519;2470,220519;100;2470,220519;100
1974;21961,85719;21961,85719;100;0;0
1975;77816,98569;77816,98569;100;0;0
1976;157216,4468;157216,4468;100;0;0
1977;109652,9557;109652,9557;100;15494,03471;14,13006572
1978;45927,87892;45927,87892;100;16977,49655;36,96555762
1979;15860,96026;15860,96026;100;9894,840399;62,38487606
1980;3089,755881;3089,755881;100;3089,755881;100
1981;1681,994839;1681,994839;100;1681,994839;100
1982;757,7662385;757,7662385;100;757,7662385;100
1983;11,44271918;11,44271918;100;11,44271918;100
1984;149711,2893;149711,2893;100;0;0
1985;206231,1697;206231,1697;100;0;0
1986;83894,97925;83894,97925;100;0;0
1987;74632,6773;74632,6773;100;0;0
1988;80151,39387;80151,39387;100;1844,049812;2,300708351
1989;63143,28674;63143,28674;100;27089,51324;42,90165216
1990;50282,46803;50282,46803;100;32074,09079;63,78782117
1991;43762,28482;43762,28482;100;37625,86356;85,97783163
1992;28792,53113;28792,53113;100;25496,44613;88,55229162
1993;11940,95524;11940,95524;100;11940,95524;100
1994;2144,078425;2144,078425;100;2144,078425;100
1995;7149,586495;7149,586495;100;0;0
1996;55937,13613;55937,13613;100;0;0
1997;73981,83135;73981,83135;100;0;0
1998;111952,0852;111952,0852;100;0;0
1999;146798,9375;146798,9375;100;5706,651494;3,887392914
2000;121623,1091;121623,1091;100;53763,28673;44,20482843
2001;80456,94729;80456,94729;100;60644,91988;75,37561631
2002;59848,38636;59848,38636;100;52482,75044;87,69284126
2003;60718,76619;60718,76619;100;59021,47196;97,20466284
2004;64005,02431;64005,02431;100;64005,02431;100
2005;66029,57196;66029,57196;100;66029,57196;100
2006;64073,27222;64073,27222;100;64073,27222;100
2007;62511,68063;62511,68063;100;62511,68063;100
2008;63798,34287;63798,34287;100;63798,34287;100
2009;70823,58355;70823,58355;100;70823,58355;100
2010;88883,3239;88883,3239;100;88883,3239;100
2011;15184,96317;15184,96317;100;15184,96317;100
2012;30558,80216;30558,80216;100;30558,80216;100
2013;16544,91856;16544,91856;100;16544,91856;100
2014;12880,2443;12880,2443;100;12880,2443;100
2015;24661,57498;24661,57498;100;24661,57498;100
2016;14384,31092;14384,31092;100;14384,31092;100
2017;11494,44334;11494,44334;100;11494,44334;100
2018;21056,35517;21056,35517;100;21056,35517;100
2019;13980,92685;13980,92685;100;13980,92685;100
2020;10563,73907;10563,73907;100;10563,73907;100
2021;18414,53208;18414,53208;100;18414,53208;100
2022;13514,94211;13514,94211;100;13514,94211;100
2023;37667,93035;37667,93035;100;37667,93035;100
2024;45296,47833;45296,47833;100;45296,47833;100
2025;11082,84592;11082,84592;100;11082,84592;100
2026;30635,89462;30635,89462;100;0;0
2027;252774,2445;252774,2445;100;160299,6169;63,41611948
2028;82,21656704;82,21656704;100;82,21656704;100
2029;176234,3198;176234,3198;100;168138,7009;95,40633234
2030;8097,880586;8097,880586;100;8097,880586;100
2031;112916,4828;112916,4828;100;112916,4828;100
2032;103488,2833;103488,2833;100;103488,2833;100
2033;120302,8549;120302,8549;100;120302,8549;100
2034;147586,6297;147586,6297;100;147586,6297;100
2035;166705,6639;166705,6639;100;166705,6639;100
2036;167393,2018;167393,2018;100;167393,2018;100
2037;168235,8745;168235,8745;100;168235,8745;100
2038;184511,7718;184511,7718;100;184511,7718;100
2039;92744,69057;92744,69057;100;92744,69057;100
2040;94218,88372;94218,88372;100;94218,88372;100
2041;56067,38047;56067,38047;100;56067,38047;100
2042;20682,7659;20682,7659;100;20682,7659;100
2043;58448,41469;58448,41469;100;58448,41469;100
2044;3732,532306;3732,532306;100;3732,532306;100
2045;23474,26443;23474,26443;100;23474,26443;100
2046;16355,09529;16355,09529;100;16355,09529;100
2047;16556,80215;16556,80215;100;16556,80215;100
2048;51263,08696;51263,08696;100;51263,08696;100
2049;19140,65811;19140,65811;100;19140,65811;100
2050;13563,69177;13563,69177;100;13563,69177;100
2051;13611,54164;13611,54164;100;13611,54164;100
2052;47015,66619;47015,66619;100;47015,66619;100
2053;16459,38597;16459,38597;100;16459,38597;100
2054;11647,61401;11647,61401;100;11647,61401;100
2055;11129,85179;11129,85179;100;11129,85179;100
2056;44215,1964;44215,1964;100;44215,1964;100
2057;30523,08245;30523,08245;100;30523,08245;100
2058;29076,97459;29076,97459;100;29076,97459;100
2059;6325,338043;6325,338043;100;6325,338043;100
2060;448165,2966;448165,2966;100;448165,2966;100
2061;89800,411;52299,27263;58,24;0;0
2062;140131,2864;140131,2864;100;0;0
2063;128441,3286;128441,3286;100;0;0
2064;113827,7829;113827,7829;100;0;0
2065;74981,7666;74981,7666;100;0;0
2066;62857,24096;62857,24096;100;19365,04508;30,80797818
2067;55863,91163;55863,91163;100;18577,59573;33,25509293
2068;44079,16071;44079,16071;100;15259,52336;34,6184526
2069;20326,1626;20326,1626;100;13040,45669;64,15601875
2070;8513,385758;8513,385758;100;8513,385758;100
2071;5511,905333;5511,905333;100;5511,905333;100
2072;5446,201809;5446,201809;100;5446,201809;100
2073;5769,387561;5769,387561;100;5769,387561;100
2074;6532,126897;6532,126897;100;6532,126897;100
2075;5991,165946;5991,165946;100;5991,165946;100
2076;11692,34352;11692,34352;100;11692,34352;100
2077;30277,35307;30277,35307;100;30277,35307;100
2078;5992,769953;5992,769953;100;5992,769953;100
2079;2144,149178;2144,149178;100;0;0
2080;10663,98659;10663,98659;100;0;0
2081;37700,93592;37700,93592;100;0;0
2082;86032,00997;86032,00997;100;0;0
2083;107399,5906;107399,5906;100;19577,31963;18,22848628
2084;123392,6463;123392,6463;100;60795,38713;49,26986246
2085;122588,0861;122588,0861;100;55288,46362;45,10100889
2086;27470,2351;27470,2351;100;27470,2351;100
2087;20598,58355;20598,58355;100;0;0
2088;14290,05844;14290,05844;100;14290,05844;100
2089;3012,029001;3012,029001;100;3012,029001;100
2090;19329,80857;18854,57187;97,54;0;0
2091;8274,484049;8274,484049;100;0;0
2092;83629,77389;83629,77389;100;0;0
2093;86929,77166;86929,77166;100;0;0
2094;73692,34081;73692,34081;100;0;0
2095;53328,69657;53328,69657;100;0;0
2096;14715,15892;14715,15892;100;0;0
2097;4819,395074;4819,395074;100;2448,480953;50,80473618
2098;13170,13917;13170,13917;100;107,5361985;0,816515278
2099;60058,70267;60058,70267;100;19032,8813;31,69046359
2100;75982,14631;75982,14631;100;40056,13;52,71781852
2101;80324,15957;80324,15957;100;67261,20046;83,7371979
2102;78640,85684;78640,85684;100;78640,85684;100
2103;83130,17374;83130,17374;100;83130,17374;100
2104;69296,34226;69296,34226;100;69296,34226;100
2105;53738,47555;53738,47555;100;53738,47555;100
2106;30164,13299;30164,13299;100;30164,13299;100
2107;5606,997337;5606,997337;100;5606,997337;100
2108;28371,3889;28371,3889;100;9341,358352;32,92527689
2109;55503,88891;55503,88891;100;51654,37239;93,06442017
2110;79966,79367;79966,79367;100;79966,79367;100
2111;89541,76369;89541,76369;100;89541,76369;100
2112;74356,79648;74356,79648;100;74356,79648;100
2113;54645,49609;54645,49609;100;54645,49609;100
2114;33788,31222;33788,31222;100;33788,31222;100
2115;19488,92745;19488,92745;100;19488,92745;100
2116;5641,267574;5641,267574;100;5641,267574;100
2117;44976,3254;0;0;0;0
2118;210786,1676;0;0;0;0
2119;354379,378;227650,8408;64,24;0;0
2120;424945,1418;424945,1418;100;0;0
2121;332659,004;332659,004;100;0;0
2122;307893,727;307893,727;100;0;0
2123;298809,1117;298809,1117;100;0;0
2124;221739,4335;221739,4335;100;3659,655637;1,650430679
2125;137298,7476;137298,7476;100;49025,92877;35,70748433
2126;60729,15977;60729,15977;100;41386,91602;68,14998953
2127;22665,01944;22665,01944;100;22665,01944;100
2128;18614,77081;18614,77081;100;18614,77081;100
2129;15411,57603;15411,57603;100;15411,57603;100
2130;11669,25141;11669,25141;100;11669,25141;100
2131;6072,254252;6072,254252;100;6072,254252;100
2132;3497,497175;3497,497175;100;3497,497175;100
2133;100,9080826;100,9080826;100;100,9080826;100
2134;2024,435763;2024,435763;100;2024,435763;100
2135;30959,03665;30959,03665;100;30959,03665;100
2136;55455,89009;55455,89009;100;55455,89009;100
2137;78722,40975;78722,40975;100;78722,40975;100
2138;95169,89673;95169,89673;100;95169,89673;100
2139;108796,5734;108796,5734;100;108796,5734;100
2140;110871,0279;110871,0279;100;110871,0279;100
2141;107620,3249;107620,3249;100;107620,3249;100
2142;111597,645;111597,645;100;111597,645;100
2143;109048,6326;109048,6326;100;109048,6326;100
2144;101207,2621;101207,2621;100;101207,2621;100
2145;102193,1636;102193,1636;100;102193,1636;100
2146;94585,35898;94585,35898;100;94585,35898;100
2147;93104,8986;93104,8986;100;93104,8986;100
2148;822344,0595;822344,0595;100;822344,0595;100
2149;2368,892994;2368,892994;100;2368,892994;100
2150;9389,390087;9389,390087;100;9389,390087;100
2151;19046,16404;19046,16404;100;19046,16404;100
2152;32661,53758;32661,53758;100;32661,53758;100
2153;47180,86179;47180,86179;100;47180,86179;100
2154;48681,03309;48681,03309;100;48681,03309;100
2155;56342,51441;56342,51441;100;56342,51441;100
2156;69555,26319;69555,26319;100;69555,26319;100
2157;68904,54498;68904,54498;100;68904,54498;100
2158;61197,19752;61197,19752;100;61197,19752;100
2159;43849,03296;43849,03296;100;43849,03296;100
2160;22962,09446;22962,09446;100;22962,09446;100
2161;6029,678275;6029,678275;100;6029,678275;100
2162;3796,983825;3796,983825;100;3796,983825;100
2163;5,741423086;5,741423086;100;5,741423086;100
2164;3337,783206;0;0;0;0
2165;74511,6153;0;0;0;0
2166;100021,2053;0;0;0;0
2167;72893,16146;0;0;0;0
2168;57824,9524;0;0;0;0
2169;7624,921326;0;0;0;0
2170;36992,19671;0;0;0;0
2171;88474,84651;0;0;0;0
2172;73254,07854;0;0;0;0
2173;67829,0049;0;0;0;0
2174;103647,5598;0;0;0;0
2175;77044,59498;37148,1315;48,22;0;0
2176;9357,957566;9357,957566;100;0;0
2177;713,5792974;0;0;0;0
2178;100506,3512;0;0;0;0
2179;147583,3451;0;0;0;0
2180;166004,77;0;0;0;0
2181;150848,9541;1112,221825;0,74;0;0
2182;164910,3651;82666,57064;50,13;0;0
2183;181556,0309;170117,8295;93,7;0;0
2184;187653,981;187653,981;100;0;0
2185;223419,937;223419,937;100;0;0
2186;236718,1802;236718,1802;100;0;0
2187;150368,2987;150368,2987;100;0;0
2188;118583,6629;118583,6629;100;0;0
2189;11853,27014;11853,27014;100;0;0
2190;540492,7175;0;0;0;0
2191;524517,9835;0;0;0;0
2192;595391,782;0;0;0;0
2193;445030,8454;0;0;0;0
2194;268596,539;0;0;0;0
2195;223869,6763;0;0;0;0
2196;174303,5584;7092,092701;4,07;0;0
2197;55552,53467;55552,53467;100;0;0
2198;80504,83305;80504,83305;100;0;0
2199;144118,573;144118,573;100;0;0
2200;45612,69873;45612,69873;100;0;0
2201;310168,7927;0;0;0;0
2202;311067,7259;0;0;0;0
2203;217269,8413;0;0;0;0
2204;148561,4561;0;0;0;0
2205;102904,4819;0;0;0;0
2206;78917,3587;0;0;0;0
2207;63816,95088;11503,81721;18,03;0;0
2208;57048,01251;57048,01251;100;0;0
2209;35110,22787;35110,22787;100;0;0
2210;1000,065106;1000,065106;100;0;0
2211;28352,99096;0;0;0;0
2212;23161,45421;0;0;0;0
2213;45357,97638;0;0;0;0
2214;76416,31258;0;0;0;0
2215;0,581663812;0;0;0;0
2216;15207,07309;0;0;0;0
2217;103431,8728;0;0;0;0
2218;119587,501;0;0;0;0
2219;386,8825745;0;0;0;0
2220;5388,506102;0;0;0;0
2221;141748,2788;0;0;0;0
2222;97918,99434;0;0;0;0
2223;68566,51598;0;0;0;0
2224;130108,4015;0;0;0;0
2225;39830,92929;37028,13536;92,96;0;0
2226;3455,764466;0;0;0;0
2227;133248,8476;0;0;0;0
2228;138544,8023;121574,3745;87,75;0;0
2229;109425,1348;109425,1348;100;0;0
2230;89791,87645;89791,87645;100;0;0
2231;29812,77531;29812,77531;100;0;0
2232;50758,80107;0;0;0;0
2233;130080,5859;0;0;0;0
2234;79203,58752;0;0;0;0
2235;35,50087664;0;0;0;0
2236;99221,33784;0;0;0;0
2237;167299,2218;0;0;0;0
2238;92011,60607;0;0;0;0
2239;226520,9897;0;0;0;0
2240;160782,2686;0;0;0;0
2241;93031,6324;0;0;0;0
2242;85587,70605;0;0;0;0
2243;86660,66631;0;0;0;0
2244;41287,23649;0;0;0;0
2245;996,7756642;0;0;0;0
2246;141374,3623;0;0;0;0
2247;114548,3071;0;0;0;0
2248;890,1079506;0;0;0;0
2249;48458,62156;0;0;0;0
2250;31931,48697;0;0;0;0
2251;44832,07268;0;0;0;0
2252;177390,3847;0;0;0;0
2253;58077,28425;0;0;0;0
2254;20178,09808;0;0;0;0
2255;161551,855;0;0;0;0
2256;69938,31147;0;0;0;0
2257;53134,0321;0;0;0;0
2258;324,3447333;0;0;0;0
2259;153892,1685;0;0;0;0
2260;274351,7852;0;0;0;0
2261;264369,4943;0;0;0;0
2262;197995,723;183765,0983;92,81;0;0
2263;3690,937343;3690,937343;100;0;0
2264;427,7642174;0;0;0;0
2265;35749,12225;0;0;0;0
2266;274569,5085;0;0;0;0
2267;91564,76803;18319,61161;20,01;0;0
2268;272,3473921;0;0;0;0
2269;173432,5853;126276,7076;72,81;0;0
2270;148086,6323;148086,6323;100;0;0
2271;9397,905549;9397,905549;100;0;0
2272;50624,56907;50624,56907;100;0;0
2273;82497,39145;82497,39145;100;0;0
2274;9718,803203;9718,803203;100;0;0
2275;107082,6178;107082,6178;100;0;0
2276;1042,683353;0;0;0;0
2277;46045,20766;32161,91403;69,85;0;0
2278;112139,8357;112139,8357;100;0;0
2279;107399,0756;107399,0756;100;0;0
2280;72671,36386;72671,36386;100;0;0
2281;151525,2917;151525,2917;100;0;0
2282;190439,5382;190439,5382;100;0;0
2283;208160,3109;208160,3109;100;0;0
2284;108182,9518;108182,9518;100;10298,59795;9,519612641
2285;88564,87397;88564,87397;100;0;0
2286;439503,01;439503,01;100;0;0
2287;486830,2564;486830,2564;100;9069,728736;1,86301665
2288;62893,15346;62893,15346;100;47494,75003;75,51656646
2289;128,3524686;0;0;0;0
2290;128995,8733;128535,5063;99,64;0;0
2291;93399,41529;93399,41529;100;0;0
2292;177280,4058;177280,4058;100;0;0
2293;197686,3252;197686,3252;100;0;0
2294;79845,6055;79845,6055;100;0;0
2295;157660,8553;157660,8553;100;0;0
2296;104895,4731;104895,4731;100;0;0
2297;108399,0174;108399,0174;100;0;0
2298;113607,2836;113607,2836;100;0;0
2299;679476,5136;679476,5136;100;0;0
2300;47037,31406;47037,31406;100;0;0
2301;338397,7161;338397,7161;100;0;0
2302;123633,1265;123633,1265;100;0;0
2303;63233,82525;63233,82525;100;0;0
2304;247764,9174;247764,9174;100;0;0
2305;49851,04334;49851,04334;100;0;0
2306;147205,0183;0;0;0;0
2307;33539,99098;0;0;0;0
2308;1113616,449;0;0;0;0
2309;533531,2151;0;0;0;0
2310;105839,4807;0;0;0;0
2311;11305,34539;11305,34539;100;0;0
2312;41385,09505;41385,09505;100;0;0
2313;42523,32945;42523,32945;100;0;0
2314;104268,3303;104268,3303;100;0;0
2315;146095,7385;146095,7385;100;25566,68204;17,49995058
2316;149386,6594;149386,6594;100;149386,6594;100
2317;60232,4766;60232,4766;100;60232,4766;100
2318;66187,39293;0;0;0;0
2319;141734,9459;0;0;0;0
2320;62215,8391;0;0;0;0
2321;468,1996493;0;0;0;0
2322;29384,2552;0;0;0;0
2323;62752,39397;0;0;0;0
2324;82345,02239;0;0;0;0
2325;83856,46651;0;0;0;0
2326;67131,98304;0;0;0;0
2327;153057,1892;0;0;0;0
2328;127456,5451;0;0;0;0
2329;125811,9607;0;0;0;0
2330;156001,0601;0;0;0;0
2331;20467,64465;0;0;0;0
2332;1521,382375;0;0;0;0
2333;47689,34005;0;0;0;0
2334;41229,24737;0;0;0;0
2335;86703,1694;0;0;0;0
2336;350995,3103;0;0;0;0
2337;249907,4649;0;0;0;0
2338;37956,31146;0;0;0;0
2339;126845,4139;0;0;0;0
2340;410659,2984;0;0;0;0
2341;460970,4103;0;0;0;0
2342;311085,0569;0;0;0;0
2343;74733,36392;0;0;0;0
2344;99335,12096;0;0;0;0
2345;76311,17756;0;0;0;0
2346;120665,9101;0;0;0;0
2347;189461,8569;0;0;0;0
2348;261653,3297;0;0;0;0
2349;151740,2056;0;0;0;0
2350;54169,11806;54169,11806;100;0;0
2351;40105,2504;40105,2504;100;5,084676599;0,012678332
2352;42613,25392;42613,25392;100;4046,448234;9,495750412
2353;23336,45866;23336,45866;100;779,2670603;3,339268703
2354;12011,02115;12011,02115;100;0;0
2355;593,1195342;593,1195342;100;0;0
2356;4301,452704;4301,452704;100;0;0
2357;108234,8958;108234,8958;100;31824,55729;29,40323178
2358;78382,43475;78382,43475;100;77562,98369;98,95454758
2359;12948,41416;12948,41416;100;12948,41416;100
2360;3404,962756;3404,962756;100;3404,962756;100
2361;2796,606843;2796,606843;100;2796,606843;100
2362;952,841162;952,841162;100;952,841162;100
2363;58316,2534;58316,2534;100;0;0
2364;117038,8563;117038,8563;100;30819,86285;26,33301778
2365;100707,7357;100707,7357;100;100707,7357;100
2366;90618,59636;90618,59636;100;90618,59636;100
2367;69775,70877;69775,70877;100;69775,70877;100
2368;26722,46594;26722,46594;100;26722,46594;100
2369;14708,12729;14708,12729;100;14708,12729;100
2370;9943,629105;9943,629105;100;9943,629105;100
2371;3492,093773;3492,093773;100;3492,093773;100
2372;301852,496;301852,496;100;0;0
2373;19377,93311;19377,93311;100;0;0
2374;260463,9681;260463,9681;100;0;0
2375;122369,7155;122369,7155;100;13153,4788;10,74896575
2376;32697,31342;32697,31342;100;32659,02101;99,8828882
2377;2259,107777;2259,107777;100;2259,107777;100
2378;2471,885112;2471,885112;100;0;0
2379;16956,33928;16956,33928;100;0;0
2380;17818,02795;17818,02795;100;0;0
2381;23192,85136;23192,85136;100;0;0
2382;51815,54828;51815,54828;100;0;0
2383;9164,160807;9164,160807;100;9164,160807;100
2384;13148,12625;13148,12625;100;11737,39711;89,27049291
2385;19093,92727;19093,92727;100;8702,765142;45,57870689
2386;57331,51124;57331,51124;100;40740,24163;71,06081935
2387;51172,39455;51172,39455;100;26265,61055;51,3276949
2388;13708,56245;13708,56245;100;13708,56245;100
2389;5236,649995;5236,649995;100;1593,050654;30,42117873
2390;1305,821474;1305,821474;100;1305,821474;100
2391;176465,2313;176465,2313;100;0;0
2392;60847,74858;60847,74858;100;0;0
2393;53421,48587;53421,48587;100;0;0
2394;57614,92412;57614,92412;100;8291,42385;14,39110435
2395;231088,5899;231088,5899;100;120070,8128;51,95878032
2396;292208,5469;292208,5469;100;239753,9239;82,0489087
2397;221775,19;221775,19;100;221775,19;100
2398;129500,6489;129500,6489;100;129500,6489;100
2399;109782,8294;109782,8294;100;109782,8294;100
2400;130207,1625;130207,1625;100;130207,1625;100
2401;150110,8217;150110,8217;100;150110,8217;100
2402;23572,10543;23572,10543;100;23572,10543;100
2403;1370,771925;1370,771925;100;1370,771925;100
2404;13635,0024;13635,0024;100;13635,0024;100
2405;87906,46911;87906,46911;100;87906,46911;100
2406;140370,687;140370,687;100;140370,687;100
2407;96980,54752;96980,54752;100;96980,54752;100
2408;63522,80908;63522,80908;100;63522,80908;100
2409;50702,51776;50702,51776;100;50702,51776;100
2410;49233,19052;49233,19052;100;49233,19052;100
2411;57701,82309;57701,82309;100;57701,82309;100
2412;59049,80286;59049,80286;100;59049,80286;100
2413;48876,95829;48876,95829;100;48876,95829;100
2414;2379,08161;2379,08161;100;2379,08161;100
2415;114854,3581;114848,3019;99,99;0;0
2416;10911,87476;10905,81853;99,94;0;0
2417;104748,0213;104748,0213;100;0;0
2418;100975,576;100975,576;100;0;0
2419;86375,38599;86375,38599;100;0;0
2420;76622,99459;76622,99459;100;0;0
2421;71174,7442;71174,7442;100;0;0
2422;178020,5054;178020,5054;100;10975,83514;6,165489258
2423;10920,51149;10920,51149;100;7675,137069;70,28184602
2424;11043,84702;11043,84702;100;11043,84702;100
2425;33892,82652;33892,82652;100;33892,82652;100
2426;44382,92728;44382,92728;100;44382,92728;100
2427;63143,81294;63143,81294;100;63143,81294;100
2428;41016,50744;41016,50744;100;41016,50744;100
2429;9560,366526;9560,366526;100;9560,366526;100
2430;116368,571;116368,571;100;90119,85479;77,44346603
2431;18491,71685;18491,71685;100;18491,71685;100
2432;61999,02622;61999,02622;100;59671,30757;96,24555611
2433;9176,303781;9176,303781;100;9176,303781;100
2434;2939,55444;2939,55444;100;2660,04621;90,4914763
2435;18296,43205;18296,43205;100;0;0
2436;22663,88952;22663,88952;100;0;0
2437;237661,0354;237661,0354;100;184378,9678;77,58064652
2438;85884,38761;85884,38761;100;85087,70735;99,07238057
2439;53400,98535;53400,98535;100;53400,98535;100
2440;16373,70594;16373,70594;100;16373,70594;100
2441;3418,594931;3418,594931;100;0;0
2442;57489,24386;57489,24386;100;0;0
2443;58404,84671;58404,84671;100;0;0
2444;32145,72544;32145,72544;100;0;0
2445;24496,23645;24496,23645;100;0;0
2446;25812,59508;25812,59508;100;0;0
2447;106117,7202;106117,7202;100;31996,66366;30,15204584
2448;3444,393447;3444,393447;100;3444,393447;100
2449;33014,69528;33014,69528;100;33014,69528;100
2450;67363,91849;67363,91849;100;67363,91849;100
2451;89148,27225;89148,27225;100;89148,27225;100
2452;65002,25577;65002,25577;100;62981,94372;96,89193548
2453;6451,505662;6451,505662;100;6451,505662;100
2454;39726,94757;39726,94757;100;25522,42501;64,24461625
2455;2816,030076;2816,030076;100;2816,030076;100
2456;15973,44378;15973,44378;100;12496,61859;78,23371568
2457;298,386885;298,386885;100;298,386885;100
2458;121490,0641;121490,0641;100;121490,0641;100
2459;22280,91066;22280,91066;100;22280,91066;100
2460;533255,4213;533255,4213;100;533255,4213;100
2461;31722,98411;31722,98411;100;31722,98411;100
2462;18138,2754;18138,2754;100;18138,2754;100
2463;253371,5145;253371,5145;100;253371,5145;100
2464;179786,4429;179786,4429;100;179786,4429;100
2465;154502,4145;154502,4145;100;154502,4145;100
2466;144602,4374;144602,4374;100;144602,4374;100
2467;124860,698;124860,698;100;124860,698;100
2468;99844,61509;99844,61509;100;99844,61509;100
2469;91294,9697;91294,9697;100;91294,9697;100
2470;79478,83289;79478,83289;100;79478,83289;100
2471;61854,93174;61854,93174;100;61854,93174;100
2472;4643,594855;4643,594855;100;4643,594855;100
2473;75536,61676;75536,61676;100;75536,61676;100
2474;12266,21312;12266,21312;100;12266,21312;100
2475;20105,55445;20105,55445;100;20105,55445;100
2476;26332,16545;26332,16545;100;26332,16545;100
2477;10130,23905;10130,23905;100;10130,23905;100
2478;17866,51301;17866,51301;100;17866,51301;100
2479;20613,59893;20613,59893;100;20613,59893;100
2480;207,3984251;207,3984251;100;207,3984251;100
2481;16254,99293;16254,99293;100;16254,99293;100
2482;17372,00199;17372,00199;100;17372,00199;100
2483;56376,80401;56376,80401;100;56376,80401;100
2484;78247,74295;78247,74295;100;78247,74295;100
2485;7811,581569;7811,581569;100;7811,581569;100
2486;31130,83571;31130,83571;100;31130,83571;100
2487;80714,14198;80714,14198;100;80714,14198;100
2488;90617,63207;90617,63207;100;90617,63207;100
2489;82123,86975;82123,86975;100;82123,86975;100
2490;99415,07035;99415,07035;100;99415,07035;100
2491;13908,36004;13908,36004;100;13908,36004;100
2492;31230,79349;31230,79349;100;31230,79349;100
2493;19676,05279;19676,05279;100;19676,05279;100
2494;15158,60267;15158,60267;100;15158,60267;100
2495;12412,87652;12412,87652;100;12412,87652;100
2496;10543,32164;10543,32164;100;10543,32164;100
2497;9063,597837;9063,597837;100;9063,597837;100
2498;7843,189711;7843,189711;100;7843,189711;100
2499;6655,82331;6655,82331;100;6655,82331;100
2500;4628,527942;4628,527942;100;4628,527942;100
2501;38861,09729;38861,09729;100;0;0
2502;135559,3954;135559,3954;100;0;0
2503;138282,0904;138282,0904;100;0;0
2504;66308,2393;66308,2393;100;0;0
2505;10781,79321;10781,79321;100;5220,136207;48,41621524
2506;185,2256829;185,2256829;100;185,2256829;100
2507;5791,965481;5791,965481;100;0;0
2508;21723,76573;21723,76573;100;162,1708632;0,746513589
2509;58542,13682;58542,13682;100;52562,83147;89,78632199
2510;59547,50635;59547,50635;100;59547,50635;100
2511;30914,92896;30914,92896;100;30914,92896;100
2512;367,7214911;367,7214911;100;367,7214911;100
2513;47343,44757;47343,44757;100;0;0
2514;56041,02087;56041,02087;100;0;0
2515;3607,720247;3607,720247;100;0;0
2516;7926,562145;0;0;0;0
2517;132463,6716;34346,99091;25,93;0;0
2518;84860,15752;83885,65029;98,85;0;0
2519;49168,24598;49168,24598;100;0;0
2520;471,8465725;471,8465725;100;0;0
2521;10990,40262;5486,168874;49,92;0;0
2522;100658,5362;98601,99834;97,96;0;0
2523;84378,60735;84378,60735;100;0;0
2524;74681,14749;74681,14749;100;0;0
2525;110307,8196;110307,8196;100;44614,0302;40,44502953
2526;116666,5214;116666,5214;100;93310,93873;79,98090421
2527;101292,4633;101292,4633;100;88292,75879;87,16616803
2528;70313,12089;70313,12089;100;68922,64617;98,02245342
2529;51405,86214;51405,86214;100;51405,86214;100
2530;33847,44201;33847,44201;100;33847,44201;100
2531;9586,452815;9586,452815;100;9586,452815;100
2532;2736,58922;2736,58922;100;2736,58922;100
2533;86833,32512;86833,32512;100;0;0
2534;156705,334;156705,334;100;0;0
2535;218584,0965;218584,0965;100;17,26604604;0,00789904
2536;131505,1833;131505,1833;100;30522,33999;23,20999008
2537;27420,4163;27420,4163;100;21479,36361;78,33347014
2538;157436,1913;0;0;0;0
2539;295395,6153;0;0;0;0
2540;250454,0699;98828,73174;39,46;0;0
2541;280708,7061;234680,5431;83,6;0;0
2542;57642,65177;57642,65177;100;0;0
2543;20021,33237;20021,33237;100;15886,63074;79,34851908
2544;30172,26228;30172,26228;100;23219,23252;76,95555708
2545;26775,23232;26775,23232;100;24334,6232;90,88482559
2546;36907,91538;36907,91538;100;36907,91538;100
2547;32671,71511;32671,71511;100;32671,71511;100
2548;32037,49027;32037,49027;100;32037,49027;100
2549;34337,59103;34337,59103;100;34337,59103;100
2550;30198,38223;30198,38223;100;30198,38223;100
2551;27569,77037;27569,77037;100;27569,77037;100
2552;26408,21164;26408,21164;100;26408,21164;100
2553;25767,93589;25767,93589;100;25767,93589;100
2554;26836,06317;26836,06317;100;26836,06317;100
2555;46696,51355;46696,51355;100;46696,51355;100
2556;16986,12293;16986,12293;100;16986,12293;100
2557;24150,45805;24150,45805;100;24150,45805;100
2558;6647,945436;6647,945436;100;6647,945436;100
2559;17111,25018;17111,25018;100;17111,25018;100
2560;5217,3153;5217,3153;100;5217,3153;100
2561;14904,96232;14904,96232;100;14904,96232;100
2562;4423,116293;4423,116293;100;4423,116293;100
2563;13957,02382;13957,02382;100;13957,02382;100
2564;25495,32217;25495,32217;100;25495,32217;100
2565;16089,41504;16089,41504;100;16089,41504;100
2566;61655,94246;61655,94246;100;0;0
2567;215975,5236;215975,5236;100;0;0
2568;258752,3155;258752,3155;100;0;0
2569;3356,969875;3356,969875;100;0;0
2570;88644,85387;0;0;0;0
2571;212312,0543;186779,9346;87,97;0;0
2572;28860,68094;28860,68094;100;0;0
2573;9989,881161;9989,881161;100;0;0
2574;378762,7492;378762,7492;100;0;0
2575;30719,53732;30719,53732;100;0;0
2576;224,045744;224,045744;100;0;0
2577;158875,8031;158875,8031;100;0;0
2578;280773,5074;280773,5074;100;0;0
2579;414537,6581;414537,6581;100;0;0
2580;91764,67869;91764,67869;100;157,0406419;0,171134084
2581;203977,4753;203747,4639;99,89;0;0
2582;194131,6037;194131,6037;100;0;0
2583;26943,05364;0;0;0;0
2584;671694,3236;560280,7541;83,41;0;0
2585;1094968,647;1094968,647;100;0;0
2586;200364,7463;200364,7463;100;0;0
2587;2414,289939;0;0;0;0
2588;117677,7871;0;0;0;0
2589;271374,4357;0;0;0;0
2590;245826,7732;0;0;0;0
2591;138268,3994;97720,27442;70,67;0;0
2592;148319,1859;148319,1859;100;0;0
2593;42180,6796;42180,6796;100;0;0
2594;90721,20146;90721,20146;100;0;0
2595;305,6467894;305,6467894;100;0;0
2596;167032,4891;167032,4891;100;0;0
2597;708828,408;708828,408;100;0;0
2598;110555,5122;110555,5122;100;0;0
2599;7986,238763;7986,238763;100;502,9621657;6,297860365
2600;12698,15726;12698,15726;100;1866,859841;14,70181698
2601;20640,0524;20640,0524;100;148,9628607;0,721717454
2602;33824,56291;33824,56291;100;0;0
2603;2468,252358;2468,252358;100;0;0
2604;30184,00034;30184,00034;100;0;0
2605;158029,8263;158029,8263;100;32113,86287;20,32139352
2606;162610,7587;162610,7587;100;100598,3359;61,86450189
2607;83202,8918;83202,8918;100;59218,898;71,17408628
2608;78786,61188;78786,61188;100;57647,93198;73,16970562
2609;102722,6199;102722,6199;100;66006,8332;64,25734979
2610;102407,4206;102407,4206;100;84587,22035;82,59872168
2611;2405,408571;2405,408571;100;2405,408571;100
2612;153552,9944;66813,52212;43,51;0;0
2613;397017,6034;395998,7726;99,74;0;0
2614;297,042062;0;0;0;0
2615;860396,0731;405993,9879;47,19;0;0
2616;46929,83407;46929,83407;100;0;0
2617;303560,5292;145527,0208;47,94;0;0
2618;207540,0837;49506,57524;23,85;0;0
2619;43540,13403;43540,13403;100;0;0
2620;8628,729148;8628,729148;100;0;0
2621;965,4571255;965,4571255;100;0;0
2622;73809,65365;46350,24224;62,8;0;0
2623;211242,188;211242,188;100;0;0
2624;51,923292;51,923292;100;0;0
2625;21733,8398;240,3719957;1,11;0;0
2626;64242,20175;55197,75709;85,92;0;0
2627;142745,2497;142745,2497;100;0;0
2628;81815,01821;81815,01821;100;0;0
2629;102271,9831;102271,9831;100;0;0
2630;324905,7116;324905,7116;100;0;0
2631;14559,8935;14559,8935;100;0;0
2632;60552,05801;60552,05801;100;0;0
2633;100643,0968;93291,08;92,69;0;0
2634;164249,438;164249,438;100;0;0
2635;7739,663157;7739,663157;100;0;0
2636;147650,0215;39185,32772;26,54;0;0
2637;246299,8773;0;0;0;0
2638;662753,6207;111499,0149;16,82;0;0
2639;396825,9515;37557,87555;9,46;0;0
2640;3388,012629;3388,012629;100;0;0
2641;58383,18403;58383,18403;100;0;0
2642;218269,7152;218269,7152;100;0;0
2643;27572,27219;0;0;0;0
2644;551637,0386;367265,4654;66,58;0;0
2645;3719,857496;3719,857496;100;0;0
2646;375,7540027;375,7540027;100;0;0
2647;77481,43711;77481,43711;100;0;0
2648;595792,189;595792,189;100;0;0
2649;715630,1208;715630,1208;100;0;0
2650;326455,1517;326455,1517;100;0;0
2651;165366,6135;165366,6135;100;0;0
2652;566,2312155;0;0;0;0
2653;114094,4925;10428,20106;9,14;0;0
2654;146193,0819;0;0;0;0
2655;39972,4235;0;0;0;0
2656;6907,305882;0;0;0;0
2657;118985,6185;0;0;0;0
2658;67213,02244;0;0;0;0
2659;26690,04086;0;0;0;0
2660;5,710530762;0;0;0;0
2661;172866,7608;0;0;0;0
2662;83575,66003;0;0;0;0
2663;23959,21133;0;0;0;0
2664;1069,706533;0;0;0;0
2665;144,4107429;0;0;0;0
2666;320576,047;0;0;0;0
2667;258057,5663;0;0;0;0
2668;236968,6625;0;0;0;0
2669;228192,5216;0;0;0;0
2670;207294,9969;0;0;0;0
2671;205817,155;0;0;0;0
2672;297087,2675;107750,5398;36,27;0;0
2673;155470,3595;155470,3595;100;0;0
2674;24292,64555;24292,64555;100;0;0
2675;76401,27893;0;0;0;0
2676;76401,27893;0;0;0;0
2677;226321,2918;87394,41298;38,62;0;0
2678;17511,09248;0;0;0;0
2679;55514,81964;55514,81964;100;0;0
2680;64,48753655;64,48753655;100;0;0
2681;893832,8303;0;0;0;0
2682;247543,2357;0;0;0;0
2683;172769,7875;0;0;0;0
2684;11353,57074;1,196116486;0,01;0;0
2685;87491,46618;24466,71457;27,96;0;0
2686;44615,44696;0;0;0;0
2687;11244,80664;11244,80664;100;0;0
2688;1906,316655;1906,316655;100;0;0
2689;177888,7812;103524,7912;58,2;0;0
2690;85492,37683;12540,99012;14,67;0;0
2691;60877,06562;60877,06562;100;0;0
2692;72447,04216;72447,04216;100;0;0
2693;61049,10991;61049,10991;100;0;0
2694;76502,34664;76502,34664;100;0;0
2695;180729,4935;180729,4935;100;0;0
2696;21070,09356;21070,09356;100;0;0
2697;75409,82472;0;0;0;0
2698;66076,27728;52067,65407;78,8;0;0
2699;30814,54083;30814,54083;100;0;0
2700;9015,4109;9015,4109;100;0;0
2701;5784,257357;5784,257357;100;0;0
2702;93000,24145;93000,24145;100;0;0
2703;140852,4595;140852,4595;100;0;0
2704;12442,54896;12442,54896;100;0;0
2705;344349,2987;30047,28769;8,73;0;0
2706;27543,79292;27543,79292;100;0;0
2707;1414,760208;0;0;0;0
2708;16768,09803;15843,41437;94,49;0;0
2709;56865,35204;6448,004449;11,34;0;0
2710;131161,3543;131102,4192;99,96;0;0
2711;130371,5202;130371,5202;100;0;0
2712;116824,2379;116824,2379;100;0;0
2713;121822,0703;121822,0703;100;0;0
2714;24411,94728;24411,94728;100;0;0
2715;72567,34358;0;0;0;0
2716;152974,9579;7125,326526;4,66;0;0
2717;104800,0805;104800,0805;100;0;0
2718;74593,47744;74593,47744;100;0;0
2719;132438,2796;132438,2796;100;0;0
2720;4104,479698;0;0;0;0
2721;147607,1137;0;0;0;0
2722;307310,8278;0;0;0;0
2723;103589,4386;9410,825997;9,08;0;0
2724;53343,60598;53343,60598;100;0;0
2725;73594,10484;73594,10484;100;0;0
2726;71296,16566;71296,16566;100;0;0
2727;3498,746115;2475,64331;70,76;0;0
2728;37181,2425;37181,2425;100;0;0
2729;118200,2784;118200,2784;100;0;0
2730;36459,50012;36459,50012;100;0;0
2731;317050,674;0;0;0;0
2732;384556,2424;0;0;0;0
2733;48956,46109;0;0;0;0
2734;226562,4729;0;0;0;0
2735;185092,5545;0;0;0;0
2736;206924,2273;0;0;0;0
2737;3950,689951;0;0;0;0
2738;161801,993;0;0;0;0
2739;129324,7851;0;0;0;0
2740;220635,5926;0;0;0;0
2741;583,7460238;0;0;0;0
2742;174241,7024;0;0;0;0
2743;231144,3193;0;0;0;0
2744;1007,018247;0;0;0;0
2745;3939,479311;0;0;0;0
2746;245285,2235;0;0;0;0
2747;123436,7618;0;0;0;0
2748;298909,3172;0;0;0;0
2749;10670,80529;0;0;0;0
2750;260403,5425;0;0;0;0
2751;447212,679;0;0;0;0
2752;414233,6865;0;0;0;0
2753;72102,20896;0;0;0;0
2754;3419,139516;0;0;0;0
2755;371227,1321;0;0;0;0
2756;3821,51599;0;0;0;0
2757;41211,95888;0;0;0;0
2758;146803,3471;0;0;0;0
2759;156410,6083;0;0;0;0
2760;428090,3754;0;0;0;0
2761;104552,8316;0;0;0;0
2762;39547,74045;0;0;0;0
2763;4277,026758;0;0;0;0
2764;215609,6926;0;0;0;0
2765;592001,0026;0;0;0;0
2766;344811,2172;0;0;0;0
2767;19561,81526;0;0;0;0
2768;262944,2154;0;0;0;0
2769;88142,94921;0;0;0;0
2770;75345,07202;0;0;0;0
2771;185792,3051;0;0;0;0
2772;565130,6158;0;0;0;0
2773;479346,6013;0;0;0;0
2774;62851,34669;0;0;0;0
2775;674831,9301;0;0;0;0
2776;481153,7422;0;0;0;0
2777;8852,539604;0;0;0;0
2778;22872,41955;0;0;0;0
2779;413140,3305;0;0;0;0
2780;41065,9728;15460,75114;37,65;0;0
2781;10834,56053;10834,56053;100;0;0
2782;1224,78797;1224,78797;100;0;0
2783;135924,2798;0;0;0;0
2784;23730,85556;0;0;0;0
2785;828,477222;0;0;0;0
2786;41774,93053;0;0;0;0
2787;201704,8048;0;0;0;0
2788;540569,8505;103607,7581;19,17;0;0
2789;5735,660846;0;0;0;0
2790;31183,6028;0;0;0;0
2791;213184,1174;174563,0658;81,88;0;0
2792;703682,3862;0;0;0;0
2793;20268,51278;1838,742788;9,07;0;0
2794;291338,3132;0;0;0;0
2795;420828,3052;0;0;0;0
2796;227776,1152;0;0;0;0
2797;312977,5163;39822,52967;12,72;0;0
2798;156493,9646;156493,9646;100;0;0
2799;118041,2881;118041,2881;100;0;0
2800;131716,9026;131716,9026;100;0;0
2801;148314,5653;148314,5653;100;0;0
2802;77117,13869;0;0;0;0
2803;342217,2193;0;0;0;0
2804;92648,73585;92257,03671;99,58;0;0
2805;84577,92618;84577,92618;100;0;0
2806;39751,56621;39751,56621;100;0;0
2807;30666,80338;30666,80338;100;0;0
2808;33045,62522;33045,62522;100;0;0
2809;1380,217522;1380,217522;100;0;0
2810;315576,4976;142707,4649;45,22;0;0
2811;177216,7884;158036,9964;89,18;0;0
2812;14856,11956;14856,11956;100;0;0
2813;2792,897663;2792,897663;100;0;0
2814;26201,11658;26201,11658;100;0;0
2815;49731,06936;49731,06936;100;0;0
2816;63773,3236;63773,3236;100;0;0
2817;157936,0707;157936,0707;100;0;0
2818;7899,637021;7899,637021;100;0;0
2819;26988,77275;26988,77275;100;0;0
2820;47948,51048;47948,51048;100;0;0
2821;28332,31299;28332,31299;100;0;0
2822;21664,46286;21664,46286;100;0;0
2823;22135,30577;22135,30577;100;0;0
2824;26385,12531;26385,12531;100;0;0
2825;57334,78701;57334,78701;100;0;0
2826;53076,11354;53076,11354;100;0;0
2827;45607,02913;45607,02913;100;0;0
2828;37863,93036;37863,93036;100;0;0
2829;28891,32619;28891,32619;100;0;0
2830;27909,07116;27909,07116;100;0;0
2831;3441,307537;3441,307537;100;0;0
2832;390344,1865;348802,1482;89,36;0;0
2833;295721,6255;295721,6255;100;0;0
2834;17881,3307;17881,3307;100;0;0
2835;86779,6834;0;0;0;0
2836;172967,7419;0;0;0;0
2837;707789,0051;0;0;0;0
2838;152676,7561;0;0;0;0
2839;1062879,834;0;0;0;0
2840;806795,1979;0;0;0;0
2841;48273,25934;0;0;0;0
2842;1048210,465;0;0;0;0
2843;1131838,987;0;0;0;0
2844;1198928,164;0;0;0;0
2845;119748,9621;0;0;0;0
2846;1307880,001;0;0;0;0
2847;662779,9733;0;0;0;0
2848;4100,805844;0;0;0;0
2849;31277,80517;0;0;0;0
2850;281964,4996;0;0;0;0
2851;504492,8759;0;0;0;0
2852;286999,092;0;0;0;0
2853;463974,5219;0;0;0;0
2854;80111,37256;0;0;0;0
2855;80436,06399;0;0;0;0
2856;102062,1958;0;0;0;0
2857;57627,87716;0;0;0;0
2858;70392,70444;0;0;0;0
2859;1684,59564;0;0;0;0
2860;425816,2512;0;0;0;0
2861;151712,0665;0;0;0;0
2862;190667,5601;0;0;0;0
2863;349270,1055;0;0;0;0
2864;93018,92532;0;0;0;0
2865;65322,50923;0;0;0;0
2866;935629,9098;0;0;0;0
2867;1185037,486;0;0;0;0
2868;236416,3419;0;0;0;0
2869;271158,1189;0;0;0;0
2870;1247895,598;0;0;0;0
2871;782452,1297;0;0;0;0
2872;727260,379;0;0;0;0
2873;274012,1407;0;0;0;0
2874;131085,3529;0;0;0;0
2875;121796,3317;0;0;0;0
2876;863769,8763;0;0;0;0
2877;219031,7975;0;0;0;0
2878;3474,790066;0;0;0;0
2879;191461,6245;0;0;0;0
2880;1,633380321;0;0;0;0
2881;16855,78826;0;0;0;0
2882;1026324,276;0;0;0;0
2883;1867396,288;0;0;0;0
2884;886997,7325;0;0;0;0
2885;835424,2578;0;0;0;0
2886;334268,7682;0;0;0;0
2887;65623,91244;0;0;0;0
2888;415603,5476;0;0;0;0
2889;224107,7839;0;0;0;0
2890;1399102,079;0;0;0;0
2891;820575,3772;0;0;0;0
2892;214891,6259;0;0;0;0
2893;3991,996836;0;0;0;0
2894;1280927,841;0;0;0;0
2895;583242,177;0;0;0;0
2896;3483,013865;0;0;0;0
2897;295291,6621;0;0;0;0
2898;327001,4705;0;0;0;0
2899;37356,56933;0;0;0;0
2900;307791,7781;0;0;0;0
2901;238396,3769;0;0;0;0
2902;47357,66272;0;0;0;0
2903;72247,2411;0;0;0;0
2904;16641,2826;0;0;0;0
2905;86354,41528;0;0;0;0
2906;72751,96866;0;0;0;0
2907;75703,86865;0;0;0;0
2908;50547,30842;0;0;0;0
2909;2000,640636;0;0;0;0
2910;4669,361963;0;0;0;0
2911;27711,57507;0;0;0;0
2912;28810,39174;0;0;0;0
2913;40698,0351;0;0;0;0
2914;102488,2586;0;0;0;0
2915;122608,4618;0;0;0;0
2916;20881,06644;0;0;0;0
2917;39452,53526;0;0;0;0
2918;33063,48484;0;0;0;0
2919;27630,19328;0;0;0;0
2920;133463,9262;0;0;0;0
2921;11329,53611;0;0;0;0
2922;90721,03551;0;0;0;0
2923;58304,79949;0;0;0;0
2924;45962,13626;0;0;0;0
2925;48536,10605;0;0;0;0
2926;59861,63007;0;0;0;0
2927;11933,44613;0;0;0;0
2928;4340,344575;0;0;0;0
2929;38199,07041;0;0;0;0
2930;56558,47566;0;0;0;0
2931;39577,25461;0;0;0;0
2932;50965,39637;0;0;0;0
2933;15725,54077;0;0;0;0
2934;20136,26245;0;0;0;0
2935;27471,44391;0;0;0;0
2936;36411,4645;0;0;0;0
2937;83188,29544;0;0;0;0
2938;262073,0685;0;0;0;0
2939;126201,0135;0;0;0;0
2940;11497,44582;0;0;0;0
2941;65418,60295;0;0;0;0
2942;111355,3008;0;0;0;0
2943;47726,12681;0;0;0;0
2944;77330,12474;0;0;0;0
2945;113940,2077;0;0;0;0
2946;127753,7921;0;0;0;0
2947;164189,9326;0;0;0;0
2948;181781,9543;0;0;0;0
2949;173962,2053;0;0;0;0
2950;163773,6465;0;0;0;0
2951;489279,6648;0;0;0;0
2952;127800,085;0;0;0;0
2953;37957,08204;0;0;0;0
2954;197479,225;0;0;0;0
2955;165352,7445;0;0;0;0
2956;109740,7669;0;0;0;0
2957;92475,93195;0;0;0;0
2958;99615,58279;0;0;0;0
2959;86620,27172;0;0;0;0
2960;65022,37677;0;0;0;0
2961;4486,585574;0;0;0;0
2962;159659,6314;0;0;0;0
2963;50574,94208;0;0;0;0
2964;347,0394105;0;0;0;0
2965;68054,17267;0;0;0;0
2966;39775,94596;0;0;0;0
2967;7560,824712;0;0;0;0
2968;238851,8473;0;0;0;0
2969;365211,4674;0;0;0;0
2970;428507,1358;0;0;0;0
2971;422464,5303;0;0;0;0
2972;380349,5659;0;0;0;0
2973;355312,1441;0;0;0;0
2974;304803,4324;0;0;0;0
2975;231408,6657;161285,3548;69,7;0;0
2976;175590,0504;175590,0504;100;0;0
2977;48564,77945;48564,77945;100;0;0
2978;162910,5059;0;0;0;0
2979;145967,8805;0;0;0;0
2980;148490,3921;0;0;0;0
2981;117396,5528;0;0;0;0
2982;51576,72758;0;0;0;0
2983;15910,90387;0;0;0;0
2984;8648,205379;0;0;0;0
2985;209486,0495;183233,3053;87,47;0;0
2986;95790,01671;95790,01671;100;0;0
2987;18316,27611;18316,27611;100;0;0
2988;99209,91875;12366,03402;12,46;0;0
2989;126232,0306;98005,01052;77,64;0;0
2990;57771,14617;57771,14617;100;0;0
2991;19874,36728;19874,36728;100;0;0
2992;3354,641782;3354,641782;100;0;0
2993;212970,6477;15436,91133;7,25;0;0
2994;710358,3829;625135,145;88;0;0
2995;432734,3205;432734,3205;100;0;0
2996;485070,5927;485070,5927;100;0;0
2997;561811,2434;561811,2434;100;111978,312;19,93166091
2998;465237,1204;465237,1204;100;169315,4459;36,39336555
2999;686510,0838;686510,0838;100;658114,3864;95,86376107
3000;461210,6431;461210,6431;100;461210,6431;100
3001;7689,642752;0;0;0;0
3002;106507,3069;41164,9482;38,65;0;0
3003;100692,2452;100692,2452;100;0;0
3004;126372,6547;126372,6547;100;0;0
3005;6976,934198;6976,934198;100;0;0
3006;129234,4011;0;0;0;0
3007;32196,20464;22258,82306;69,13;0;0
3008;94645,88311;94645,88311;100;0;0
3009;259992,1732;259992,1732;100;0;0
3010;728418,9107;728418,9107;100;0;0
3011;4554,677094;4554,677094;100;0;0
3012;195478,108;20263,63557;10,37;0;0
3013;105967,1387;84098,63991;79,36;0;0
3014;51063,04015;51063,04015;100;0;0
3015;4126,167579;4126,167579;100;0;0
3016;67131,42943;0;0;0;0
3017;791208,1186;95967,52891;12,13;0;0
3018;495657,852;441501,9901;89,07;0;0
3019;414894,6985;414894,6985;100;0;0
3020;441236,5386;441236,5386;100;0;0
3021;164639,5777;164639,5777;100;0;0
3022;20060,46652;20060,46652;100;0;0
3023;272919,8665;0;0;0;0
3024;307355,7348;34908,12801;11,36;0;0
3025;115333,1715;76768,89641;66,56;0;0
3026;89746,02733;89746,02733;100;0;0
3027;15425,8813;15425,8813;100;0;0
3028;5984,558332;0;0;0;0
3029;73532,6963;0;0;0;0
3030;83102,56839;0;0;0;0
3031;55248,00875;0;0;0;0
3032;60001,98774;45431,69606;75,72;0;0
3033;50350,34395;50350,34395;100;0;0
3034;28172,29992;28172,29992;100;0;0
3035;11067,96933;11067,96933;100;0;0
3036;1166,581848;1166,581848;100;0;0
3037;36930,17196;36930,17196;100;0;0
3038;83609,8261;83609,8261;100;0;0
3039;182231,6263;182231,6263;100;0;0
3040;68791,89806;68791,89806;100;16797,7258;24,41817463
3041;20920,08593;0;0;0;0
3042;87668,5991;0;0;0;0
3043;99383,39923;0;0;0;0
3044;41211,94998;0;0;0;0
3045;19064,15242;0;0;0;0
3046;295,1169728;0;0;0;0
3047;29037,56206;0;0;0;0
3048;81799,42229;0;0;0;0
3049;60906,46392;0;0;0;0
3050;91338,87058;0;0;0;0
3051;143287,3087;0;0;0;0
3052;193080,055;0;0;0;0
3053;271295,5091;0;0;0;0
3054;261497,6842;188078,2689;71,92;0;0
3055;255627,4551;255627,4551;100;0;0
3056;257747,3572;257747,3572;100;0;0
3057;301135,8064;301135,8064;100;0;0
3058;724631,8708;724631,8708;100;403855,4001;55,7324921
3059;567359,9512;567359,9512;100;567152,9904;99,96352213
3060;215899,6369;215899,6369;100;215899,6369;100
3061;90327,9354;0;0;0;0
3062;58480,41645;0;0;0;0
3063;13302,72557;0;0;0;0
3064;157093,7862;0;0;0;0
3065;173098,294;0;0;0;0
3066;165170,7283;0;0;0;0
3067;89483,62662;0;0;0;0
3068;42521,28506;0;0;0;0
3069;8834,746926;0;0;0;0
3070;2176,792803;0;0;0;0
3071;103593,6093;0;0;0;0
3072;39372,77931;0;0;0;0
3073;4196,886224;0;0;0;0
3074;159992,1045;0;0;0;0
3075;142107,1423;0;0;0;0
3076;31503,75322;0;0;0;0
3077;386,4615014;0;0;0;0
3078;31360,20567;0;0;0;0
3079;83186,6399;0;0;0;0
3080;29910,28983;0;0;0;0
3081;35284,64069;0;0;0;0
3082;25695,07444;0;0;0;0
3083;28733,35721;0;0;0;0
3084;25096,97076;0;0;0;0
3085;29883,76335;25049,78769;83,82;0;0
3086;15456,77591;15456,77591;100;0;0
3087;5694,061639;5694,061639;100;0;0
3088;118785,8905;0;0;0;0
3089;91862,9495;0;0;0;0
3090;65913,76186;0;0;0;0
3091;72132,26912;0;0;0;0
3092;52908,4088;0;0;0;0
3093;49175,8955;0;0;0;0
3094;37108,72932;0;0;0;0
3095;42068,64777;0;0;0;0
3096;40665,6111;35565,81515;87,46;0;0
3097;44516,41463;44516,41463;100;0;0
3098;52253,46117;52253,46117;100;0;0
3099;57440,29719;57440,29719;100;0;0
3100;81299,09342;81299,09342;100;19533,82893;24,02711778
3101;133655,8354;133655,8354;100;133644,8401;99,99177343
3102;67065,49694;67065,49694;100;67065,49694;100
3103;48849,2078;0;0;0;0
3104;106094,4126;0;0;0;0
3105;167905,5899;0;0;0;0
3106;174614,0045;0;0;0;0
3107;171742,1434;0;0;0;0
3108;169847,4474;0;0;0;0
3109;162187,8158;0;0;0;0
3110;152392,1333;133272,0087;87,45;0;0
3111;147472,267;147472,267;100;0;0
3112;146334,3801;146334,3801;100;0;0
3113;159177,2898;159177,2898;100;0;0
3114;184519,3755;184519,3755;100;51451,21017;27,88390652
3115;167005,0177;167005,0177;100;165130,145;98,87735548
3116;158375,5519;0;0;0;0
3117;116738,3994;0;0;0;0
3118;137201,2463;0;0;0;0
3119;139010,8691;0;0;0;0
3120;113954,1903;0;0;0;0
3121;104595,7274;0;0;0;0
3122;110181,0297;0;0;0;0
3123;118530,9482;0;0;0;0
3124;108818,9453;90310,37107;82,99;0;0
3125;94088,88434;94088,88434;100;0;0
3126;86694,29818;86694,29818;100;0;0
3127;90223,92702;90223,92702;100;0;0
3128;141239,0975;141239,0975;100;47909,29955;33,92070639
3129;92844,21558;92844,21558;100;92844,21558;100
3130;66352,46762;0;0;0;0
3131;160715,554;0;0;0;0
3132;169549,5861;0;0;0;0
3133;127447,7022;0;0;0;0
3134;92099,96962;0;0;0;0
3135;61694,96209;0;0;0;0
3136;31023,89476;0;0;0;0
3137;5714,076089;0;0;0;0
3138;17437,67243;0;0;0;0
3139;5005,270745;5005,270745;100;0;0
3140;49564,91386;49564,91386;100;0;0
3141;47629,26919;47629,26919;100;0;0
3142;55878,6294;55878,6294;100;0;0
3143;74853,24613;74853,24613;100;2692,530955;3,597079744
3144;112813,4305;112813,4305;100;89909,57839;79,69758386
3145;328962,721;328962,721;100;328962,721;100
3146;355475,2526;355475,2526;100;355475,2526;100
3147;583581,0925;583581,0925;100;0;0
3148;362816,2774;362816,2774;100;0;0
3149;235968,688;235968,688;100;0;0
3150;173231,8935;173231,8935;100;1715,236346;0,990138889
3151;119571,4794;119571,4794;100;61135,85173;51,12912545
3152;52838,40582;52838,40582;100;49440,58013;93,56940158
3153;67275,51252;67275,51252;100;67275,51252;100
3154;16309,61331;0;0;0;0
3155;116021,714;0;0;0;0
3156;152687,6304;122300,638;80,1;0;0
3157;186489,9678;186489,9678;100;0;0
3158;188818,3824;188818,3824;100;0;0
3159;173589,5105;173589,5105;100;0;0
3160;159052,6758;159052,6758;100;11599,20357;7,292680562
3161;156986,0484;156986,0484;100;137502,7605;87,58915959
3162;112270,508;112270,508;100;112270,508;100
3163;171297,4588;171297,4588;100;171297,4588;100
3164;29150,98917;29150,98917;100;29150,98917;100
3165;252760,0913;0;0;0;0
3166;247194,1525;0;0;0;0
3167;235065,2257;0;0;0;0
3168;220269,5107;0;0;0;0
3169;206717,9609;0;0;0;0
3170;199044,3993;0;0;0;0
3171;178905,1619;0;0;0;0
3172;76829,38635;0;0;0;0
3173;30809,51613;22432,31918;72,81;0;0
3174;114553,3339;0;0;0;0
3175;101184,1345;0;0;0;0
3176;108362,4309;0;0;0;0
3177;91841,2869;0;0;0;0
3178;14604,75356;0;0;0;0
3179;171091,733;0;0;0;0
3180;172361,09;0;0;0;0
3181;111813,1652;0;0;0;0
3182;23166,61357;0;0;0;0
3183;112946,9454;0;0;0;0
3184;146306,8448;0;0;0;0
3185;142481,8229;0;0;0;0
3186;177463,8122;0;0;0;0
3187;203722,8646;0;0;0;0
3188;183860,4662;0;0;0;0
3189;167906,0312;0;0;0;0
3190;154441,4909;0;0;0;0
3191;142929,7619;98818,78293;69,14;0;0
3192;138365,9412;138365,9412;100;0;0
3193;111560,3883;111560,3883;100;0;0
3194;44605,57055;44605,57055;100;0;0
3195;23793,98976;23793,98976;100;2042,86125;8,585618767
3196;3535,269968;3535,269968;100;3535,269968;100
3197;69600,3857;0;0;0;0
3198;197377,2621;197377,2621;100;0;0
3199;85330,84845;85330,84845;100;0;0
3200;14020,63451;14020,63451;100;0;0
3201;843,9134067;843,9134067;100;0;0
3202;260103,3109;260103,3109;100;0;0
3203;812549,0451;812549,0451;100;0;0
3204;371933,1565;371933,1565;100;0;0
3205;352917,2873;352917,2873;100;3960,633992;1,122255592
3206;381350,6029;381350,6029;100;131220,0079;34,40928293
3207;335808,7048;335808,7048;100;276540,4748;82,35059749
3208;285646,7692;285646,7692;100;285646,7692;100
3209;365860,4202;365860,4202;100;365860,4202;100
3210;546860,7074;546860,7074;100;546860,7074;100
3211;196785,5822;196785,5822;100;196785,5822;100
3212;544335,5563;0;0;0;0
3213;517386,5602;0;0;0;0
3214;197468,0237;0;0;0;0
3215;78474,72746;0;0;0;0
3216;18418,08149;0;0;0;0
3217;638896,2411;0;0;0;0
3218;509604,7146;0;0;0;0
3219;14360,32065;0;0;0;0
3220;410940,6242;0;0;0;0
3221;158005,5791;0;0;0;0
3222;14567,60417;0;0;0;0
3223;797748,4044;0;0;0;0
3224;19675,57365;0;0;0;0
3225;238787,7851;0;0;0;0
3226;105861,3595;0;0;0;0
3227;4032230,767;0;0;0;0
3228;2850822,648;0;0;0;0
3229;2485893,55;0;0;0;0
3230;1065343,701;0;0;0;0
3231;249895,0792;0;0;0;0
3232;116999,5874;0;0;0;0
3233;429254,5263;0;0;0;0
3234;9136,068949;0;0;0;0
3235;350039,1845;0;0;0;0
3236;22328,40573;0;0;0;0
3237;15,82606095;0;0;0;0
3238;660189,1278;0;0;0;0
3239;200386,6413;0;0;0;0
3240;407043,5923;0;0;0;0
3241;4258,800083;0;0;0;0
3242;544372,2613;0;0;0;0
3243;3537076,302;0;0;0;0
3244;2482953,488;0;0;0;0
3245;75530,91378;0;0;0;0
3246;754092,9432;0;0;0;0
3247;902794,732;0;0;0;0
3248;1453,782379;0;0;0;0
3249;867092,8684;0;0;0;0
3250;204320,4461;0;0;0;0
3251;181048,2855;0;0;0;0
3252;13759,14384;0;0;0;0
3253;5762,277057;0;0;0;0
3254;225795,5714;0;0;0;0
3255;366441,5911;0;0;0;0
3256;27960,856;0;0;0;0
3257;1051509,609;0;0;0;0
3258;1022499,968;0;0;0;0
3259;362707,7853;0;0;0;0
3260;107679,0702;0;0;0;0
3261;117985,6651;0;0;0;0
3262;562686,4711;0;0;0;0
3263;123215,0956;0;0;0;0
3264;484176,5189;0;0;0;0
3265;302391,7048;0;0;0;0
3266;72168,03559;0;0;0;0
3267;889784,3592;0;0;0;0
3268;404032,8967;0;0;0;0
3269;72433,68144;0;0;0;0
3270;272813,0573;0;0;0;0
3271;116387,0501;0;0;0;0
3272;198545,0802;0;0;0;0
3273;368832,5843;0;0;0;0
3274;483395,6028;0;0;0;0
3275;996876,1854;0;0;0;0
3276;2139003,299;0;0;0;0
3277;814871,1644;0;0;0;0
3278;236399,6544;0;0;0;0
3279;33430,76237;0;0;0;0
3280;242694,6584;0;0;0;0
3281;289846,2575;0;0;0;0
3282;241835,3512;0;0;0;0
3283;3008336,545;0;0;0;0
3284;1381753,781;0;0;0;0
3285;116425,7142;0;0;0;0
3286;61745,63091;0;0;0;0
3287;116072,9472;0;0;0;0
3288;66150,17678;0;0;0;0
3289;10874,06679;0;0;0;0
3290;179261,6438;0;0;0;0
3291;225036,1843;0;0;0;0
3292;18772,2554;0;0;0;0
3293;27852,50935;0;0;0;0
3294;91186,08472;0;0;0;0
3295;87083,14626;0;0;0;0
3296;80424,14467;0;0;0;0
3297;1975,203432;0;0;0;0
3298;16532,35103;0;0;0;0
3299;167682,0697;0;0;0;0
3300;190656,8233;0;0;0;0
3301;152111,8939;0;0;0;0
3302;124997,4838;0;0;0;0
3303;63132,65636;0;0;0;0
3304;12886,75697;0;0;0;0
3305;68698,36353;0;0;0;0
3306;135201,5949;0;0;0;0
3307;67730,49651;0;0;0;0
3308;52608,35875;0;0;0;0
3309;10504,70177;0;0;0;0
3310;116956,0894;0;0;0;0
3311;328264,0302;0;0;0;0
3312;216651,3386;0;0;0;0
3313;55087,44123;0;0;0;0
3314;51817,42092;0;0;0;0
3315;251045,5225;0;0;0;0
3316;59051,41618;0;0;0;0
3317;24538,24897;0;0;0;0
3318;159756,2011;0;0;0;0
3319;131890,2888;0;0;0;0
3320;23900,16117;0;0;0;0
3321;106857,9043;0;0;0;0
3322;162876,5886;0;0;0;0
3323;45480,27523;0;0;0;0
3324;43556,57699;0;0;0;0
3325;269956,9385;0;0;0;0
3326;177833,6686;0;0;0;0
3327;2027,986335;0;0;0;0
3328;7804,203692;7692,354368;98,57;0;0
3329;23011,53157;23011,53157;100;0;0
3330;37950,37621;37950,37621;100;0;0
3331;52133,01381;52133,01381;100;9986,179281;19,15519275
3332;55400,48482;55400,48482;100;47940,17297;86,53385096
3333;48043,1212;48043,1212;100;48043,1212;100
3334;39461,92241;39461,92241;100;39461,92241;100
3335;33410,84782;33410,84782;100;33410,84782;100
3336;30438,25457;30438,25457;100;30438,25457;100
3337;26564,24023;26564,24023;100;26564,24023;100
3338;21404,74883;21404,74883;100;21404,74883;100
3339;12809,28776;12809,28776;100;12809,28776;100
3340;1168,989159;1168,989159;100;0;0
3341;25317,22015;25317,22015;100;0;0
3342;30014,90026;30014,90026;100;0;0
3343;30595,18561;30595,18561;100;6127,990784;20,02926494
3344;37200,66371;37200,66371;100;35179,15176;94,56592505
3345;33090,85597;33090,85597;100;33090,85597;100
3346;28778,40485;28778,40485;100;28778,40485;100
3347;25180,60446;25180,60446;100;25180,60446;100
3348;22572,41448;22572,41448;100;22572,41448;100
3349;22858,46041;22858,46041;100;22858,46041;100
3350;23188,62038;23188,62038;100;23188,62038;100
3351;22944,32421;22944,32421;100;22944,32421;100
3352;20885,03794;20885,03794;100;20885,03794;100
3353;7083,365237;7083,365237;100;7083,365237;100
3354;31865,82887;0;0;0;0
3355;136079,0247;0;0;0;0
3356;127645,85;36164,26271;28,33;0;0
3357;49963,88814;49700,33063;99,47;0;0
3358;15282,97453;15282,97453;100;0;0
3359;6181,857237;6181,857237;100;0;0
3360;29,01562738;29,01562738;100;0;0
3361;3195,653492;0;0;0;0
3362;63206,77913;0;0;0;0
3363;88927,97409;0;0;0;0
3364;46179,20761;0;0;0;0
3365;54553,53;45922,95295;84,18;0;0
3366;53909,20363;53909,20363;100;0;0
3367;36940,74044;36940,74044;100;0;0
3368;14678,63435;14678,63435;100;0;0
3369;3,968442063;3,968442063;100;0;0
3370;12802,65331;0;0;0;0
3371;103600,1456;10745,36905;10,37;0;0
3372;175298,2614;48534,88417;27,69;0;0
3373;180322,5825;162362,9627;90,04;0;0
3374;146714,2095;146714,2095;100;0;0
3375;120614,2339;120614,2339;100;0;0
3376;91612,7763;91612,7763;100;9191,393905;10,03287344
3377;59426,26266;59426,26266;100;48601,41519;81,78440477
3378;47668,45037;47668,45037;100;47668,45037;100
3379;37323,87022;37323,87022;100;37323,87022;100
3380;29692,14968;29692,14968;100;29692,14968;100
3381;25539,47501;25539,47501;100;25539,47501;100
3382;22900,95286;22900,95286;100;22900,95286;100
3383;21304,68792;21304,68792;100;21304,68792;100
3384;20533,37982;20533,37982;100;20533,37982;100
3385;19990,40003;19990,40003;100;19990,40003;100
3386;12791,30042;12791,30042;100;12791,30042;100
3387;10042,89979;10042,89979;100;10042,89979;100
3388;8505,247874;8505,247874;100;8505,247874;100
3389;6963,516659;6963,516659;100;6963,516659;100
3390;5358,550524;5358,550524;100;5358,550524;100
3391;3658,225595;3658,225595;100;3658,225595;100
3392;2957,456978;2957,456978;100;2957,456978;100
3393;1624,689057;1624,689057;100;1624,689057;100
3394;36700,13221;36700,13221;100;0;0
3395;178508,7931;178508,7931;100;0;0
3396;188015,143;188015,143;100;0;0
3397;164870,9693;164870,9693;100;34630,13301;21,00438491
3398;142653,4861;142653,4861;100;123327,1168;86,45222787
3399;133129,5324;133129,5324;100;126271,908;94,84890822
3400;117034,7402;117034,7402;100;117034,7402;100
3401;98902,69015;98902,69015;100;98902,69015;100
3402;89005,50063;89005,50063;100;89005,50063;100
3403;87873,27727;87873,27727;100;87873,27727;100
3404;96970,81142;96970,81142;100;96970,81142;100
3405;123889,0742;123889,0742;100;123889,0742;100
3406;189707,287;189707,287;100;189707,287;100
3407;147810,0311;147810,0311;100;147810,0311;100
3408;127640,9742;127640,9742;100;127640,9742;100
3409;78402,23138;78402,23138;100;78402,23138;100
3410;9324,345339;9324,345339;100;9324,345339;100
3411;36864,2816;36864,2816;100;36864,2816;100
3412;6430,387628;6430,387628;100;6430,387628;100
3413;4533,162393;4533,162393;100;4533,162393;100
3414;2644,959754;2644,959754;100;2644,959754;100
3415;1058,253605;1058,253605;100;1058,253605;100
3416;4,160379015;4,160379015;100;0;0
3417;12964,04627;12964,04627;100;0;0
3418;66479,89617;66479,89617;100;0;0
3419;107215,9296;107215,9296;100;19862,88636;18,52605899
3420;107819,8324;107819,8324;100;103809,2748;96,28031554
3421;97965,14705;97965,14705;100;97965,14705;100
3422;79586,75414;79586,75414;100;79586,75414;100
3423;55299,59116;55299,59116;100;55299,59116;100
3424;34645,98423;34645,98423;100;34645,98423;100
3425;13943,98892;13943,98892;100;13943,98892;100
3426;124,9761515;124,9761515;100;0;0
3427;14284,08505;14284,08505;100;0;0
3428;40079,90798;40079,90798;100;0;0
3429;93155,35649;93155,35649;100;0;0
3430;199040,6142;199040,6142;100;8040,590182;4,039673116
3431;286342,0301;286342,0301;100;190665,1634;66,5865096
3432;278664,2777;278664,2777;100;278664,2777;100
3433;285407,9676;285407,9676;100;285407,9676;100
3434;314450,0515;314450,0515;100;314450,0515;100
3435;392470,6711;392470,6711;100;392470,6711;100
3436;517508,9672;517508,9672;100;517508,9672;100
3437;373624,0926;373624,0926;100;373624,0926;100
3438;242880,552;242880,552;100;242880,552;100
3439;134291,0419;134291,0419;100;134291,0419;100
3440;19726,95743;19726,95743;100;19726,95743;100
3441;1956,473459;0;0;0;0
3442;95497,72824;0;0;0;0
3443;174907,4572;0;0;0;0
3444;238148,8416;0;0;0;0
3445;208154,9883;0;0;0;0
3446;175748,03;0;0;0;0
3447;154718,8799;0;0;0;0
3448;135122,5762;0;0;0;0
3449;116176,8164;25781,24569;22,19;0;0
3450;101178,1393;101178,1393;100;0;0
3451;84099,09278;84099,09278;100;0;0
3452;43818,1652;43818,1652;100;0;0
3453;6773,868977;6773,868977;100;94,15355792;1,389952452
3454;282698,9622;0;0;0;0
3455;156071,1974;0;0;0;0
3456;28720,79793;0;0;0;0
3457;6194,63263;0;0;0;0
3458;101704,4419;0;0;0;0
3459;138047,5717;0;0;0;0
3460;84829,23472;0;0;0;0
3461;6964,812068;0;0;0;0
3462;305746,5678;0;0;0;0
3463;356538,1497;0;0;0;0
3464;213028,2881;0;0;0;0
3465;79309,02208;0;0;0;0
3466;94898,32577;0;0;0;0
3467;148404,2794;0;0;0;0
3468;127911,7883;0;0;0;0
3469;98795,45963;0;0;0;0
3470;53569,0362;990,7174787;1,85;0;0
3471;21429,85188;21206,75046;98,96;0;0
3472;1085,541645;1085,541645;100;0;0
3473;679723,4498;679723,4498;100;0;0
3474;278351,6005;278351,6005;100;0;0
3475;114923,4023;114923,4023;100;0;0
3476;80354,58972;80354,58972;100;0;0
3477;57630,23119;57630,23119;100;39874,75578;69,19069203
3478;48106,27035;48106,27035;100;48106,27035;100
3479;46302,05047;46302,05047;100;46302,05047;100
3480;43688,54231;43688,54231;100;43688,54231;100
3481;108547,1375;108547,1375;100;108547,1375;100
3482;4683,318972;4683,318972;100;4683,318972;100
3483;15532,1739;0;0;0;0
3484;35676,24439;0;0;0;0
3485;59351,90703;38896,10737;65,53;0;0
3486;65446,57771;65446,57771;100;0;0
3487;50923,30341;50923,30341;100;0;0
3488;22033,97305;22033,97305;100;0;0
3489;819,6812544;819,6812544;100;0;0
3490;9736,08087;0;0;0;0
3491;84011,56968;0;0;0;0
3492;131026,2585;0;0;0;0
3493;186065,8091;0;0;0;0
3494;209334,0438;0;0;0;0
3495;204851,8714;0;0;0;0
3496;185229,1467;0;0;0;0
3497;150402,9194;68297,58999;45,41;0;0
3498;112113,771;112113,771;100;0;0
3499;80695,13294;80695,13294;100;0;0
3500;51697,04667;51697,04667;100;0;0
3501;37677,43814;37677,43814;100;5115,420139;13,57687887
3502;29514,88735;29514,88735;100;29111,52322;98,63335365
3503;25738,11792;25738,11792;100;25738,11792;100
3504;2524,849449;2524,849449;100;2524,849449;100
3505;84249,43793;0;0;0;0
3506;115652,5922;0;0;0;0
3507;34612,37148;0;0;0;0
3508;184248,7776;0;0;0;0
3509;106434,1758;0;0;0;0
3510;71501,1403;0;0;0;0
3511;715017,8066;0;0;0;0
3512;305989,2153;0;0;0;0
3513;74101,99592;0;0;0;0
3514;10317,88142;0;0;0;0
3515;151546,0984;0;0;0;0
3516;294429,0863;0;0;0;0
3517;217053,5509;0;0;0;0
3518;130801,1828;0;0;0;0
3519;213,2380402;0;0;0;0
3520;14627,31472;0;0;0;0
3521;68651,85712;0;0;0;0
3522;55045,86008;0;0;0;0
3523;1977,803435;0;0;0;0
3524;163027,2938;0;0;0;0
3525;157491,8363;0;0;0;0
3526;133628,2736;0;0;0;0
3527;110578,9382;0;0;0;0
3528;38366,94769;0;0;0;0
3529;430,4516941;0;0;0;0
3530;59891,92439;0;0;0;0
3531;169775,0363;0;0;0;0
3532;80458,72369;0;0;0;0
3533;15418,36294;0;0;0;0
3534;9614,338207;0;0;0;0
3535;166016,7656;0;0;0;0
3536;144080,4346;0;0;0;0
3537;112597,2982;0;0;0;0
3538;111134,5291;0;0;0;0
3539;86414,17731;0;0;0;0
3540;13121,48733;0;0;0;0
3541;97858,07837;0;0;0;0
3542;43593,37042;0;0;0;0
3543;1,565843619;0;0;0;0
3544;411452,9984;0;0;0;0
3545;331376,9344;0;0;0;0
3546;143995,8905;0;0;0;0
3547;217758,2957;0;0;0;0
3548;175607,8927;0;0;0;0
3549;35398,9744;0;0;0;0
3550;683,719903;0;0;0;0
3551;45496,68091;0;0;0;0
3552;85539,97415;0;0;0;0
3553;25124,69629;0;0;0;0
3554;9951,307268;0;0;0;0
3555;70504,87791;0;0;0;0
3556;114346,6424;0;0;0;0
3557;161532,7109;0;0;0;0
3558;167363,8492;0;0;0;0
3559;125025,6299;0;0;0;0
3560;92715,10062;0;0;0;0
3561;84655,83905;0;0;0;0
3562;69810,73088;49228,82803;70,52;0;0
3563;55773,25522;55773,25522;100;0;0
3564;42793,52848;42793,52848;100;0;0
3565;172,037411;172,037411;100;0;0
3566;6521,834944;0;0;0;0
3567;19924,17756;0;0;0;0
3568;25319,80468;0;0;0;0
3569;36366,79292;29496,3317;81,11;0;0
3570;57357,54191;57357,54191;100;0;0
3571;102526,9783;102526,9783;100;0;0
3572;111324,3773;111324,3773;100;0;0
3573;10544,42387;10544,42387;100;0;0
3574;947,6533126;0;0;0;0
3575;58540,18386;0;0;0;0
3576;131799,5086;0;0;0;0
3577;174168,9807;0;0;0;0
3578;182168,2297;0;0;0;0
3579;203199,7183;151749,0146;74,68;0;0
3580;228484,9271;228484,9271;100;0;0
3581;392251,2563;392251,2563;100;0;0
3582;1077078,862;1077078,862;100;0;0
3583;760227,7313;760227,7313;100;42293,35993;5,563248772
3584;12317,77601;12317,77601;100;12317,77601;100
3585;91575,76806;0;0;0;0
3586;197158,9979;0;0;0;0
3587;157477,2665;111810,2471;71;0;0
3588;93984,20538;93984,20538;100;0;0
3589;10807,69619;10807,69619;100;0;0
3590;24607,1491;24529,7504;99,69;0;0
3591;314286,5059;314286,5059;100;0;0
3592;201333,4152;201333,4152;100;0;0
3593;20322,59477;0;0;0;0
3594;245045,8653;0;0;0;0
3595;82536,35848;0;0;0;0
3596;68185,09136;49037,81358;71,92;0;0
3597;13474,0984;13474,0984;100;0;0
3598;46165,33438;0;0;0;0
3599;138581,1513;0;0;0;0
3600;175847,8822;0;0;0;0
3601;223199,2939;0;0;0;0
3602;248991,8826;188198,9589;75,58;0;0
3603;316765,006;316765,006;100;0;0
3604;813693,4728;813693,4728;100;0;0
3605;215799,9328;215799,9328;100;0;0
3606;2228,861429;0;0;0;0
3607;77574,92965;0;0;0;0
3608;183450,1042;0;0;0;0
3609;188527,9288;0;0;0;0
3610;171231,6438;0;0;0;0
3611;45730,01819;0;0;0;0
3612;24920,0213;0;0;0;0
3613;61096,32598;0;0;0;0
3614;45001,83115;0;0;0;0
3615;163264,548;0;0;0;0
3616;175741,5772;142936,1893;81,33;0;0
3617;111165,9916;111165,9916;100;0;0
3618;343801,9875;0;0;0;0
3619;319007,6099;0;0;0;0
3620;933,7841236;0;0;0;0
3621;3969,890785;0;0;0;0
3622;43114,76485;35325,87488;81,93;0;0
3623;62085,92892;62085,92892;100;0;0
3624;54553,44397;54553,44397;100;0;0
3625;21807,40174;21807,40174;100;0;0
3626;33788,393;0;0;0;0
3627;362977,4808;0;0;0;0
3628;479598,3096;287880,2865;60,03;0;0
3629;395904,9616;395904,9616;100;0;0
3630;85919,90631;85919,90631;100;0;0
3631;585370,8064;0;0;0;0
3632;1238773,317;0;0;0;0
3633;518364,4515;0;0;0;0
3634;395242,8758;281341,6287;71,18;0;0
3635;437904,4104;437904,4104;100;0;0
3636;195533,1965;195533,1965;100;0;0
3637;81031,83601;81031,83601;100;0;0
3638;275204,9288;0;0;0;0
3639;94954,2157;0;0;0;0
3640;448269,5013;0;0;0;0
3641;282534,8553;0;0;0;0
3642;83170,13991;47876,06187;57,56;0;0
3643;528994,545;0;0;0;0
3644;843078,8705;0;0;0;0
3645;157863,5061;0;0;0;0
3646;16414,73655;0;0;0;0
3647;5065,360031;0;0;0;0
3648;840562,6959;0;0;0;0
3649;1530829,476;0;0;0;0
3650;267560,5337;0;0;0;0
3651;5970,372845;0;0;0;0
3652;143966,5377;0;0;0;0
3653;432890,8514;0;0;0;0
3654;307545,7409;0;0;0;0
3655;33404,59219;12821,74685;38,38;0;0
3656;551092,385;0;0;0;0
3657;656720,9395;0;0;0;0
3658;294826,7935;0;0;0;0
3659;42600,30797;0;0;0;0
3660;137954,6399;137954,6399;100;0;0
3661;392010,2971;392010,2971;100;0;0
3662;5718,128724;5718,128724;100;0;0
3663;70683,29232;0;0;0;0
3664;608575,9957;527379,5978;86,66;0;0
3665;251523,5314;251523,5314;100;0;0
3666;264555,3513;0;0;0;0
3667;320103,2602;0;0;0;0
3668;290627,6058;0;0;0;0
3669;244032,8262;0;0;0;0
3670;299929,7386;0;0;0;0
3671;331507,2881;0;0;0;0
3672;348294,8045;0;0;0;0
3673;404388,841;281885,9289;69,71;0;0
3674;386981,1827;386981,1827;100;0;0
3675;793459,9418;793459,9418;100;0;0
3676;25434,3702;25434,3702;100;0;0
3677;504,8221466;0;0;0;0
3678;429649,36;0;0;0;0
3679;1066880,204;0;0;0;0
3680;1549157,764;0;0;0;0
3681;820849,1111;432259,3051;52,66;0;0
3682;303099,7151;303099,7151;100;0;0
3683;48629,92084;48629,92084;100;0;0
3684;10659,75289;0;0;0;0
3685;76384,30338;36571,72693;47,88;0;0
3686;80979,80184;80979,80184;100;0;0
3687;206649,2997;206649,2997;100;0;0
3688;52746,19925;52746,19925;100;0;0
3689;113144,1177;0;0;0;0
3690;279656,9556;241234,8132;86,26;0;0
3691;80588,9638;0;0;0;0
3692;281607,2613;266295,859;94,56;0;0
3693;7861,12511;0;0;0;0
3694;153262,8828;0;0;0;0
3695;220575,7487;0;0;0;0
3696;15085,03794;3914,67696;25,95;0;0
3697;581516,2909;0;0;0;0
3698;914072,436;0;0;0;0
3699;254304,6195;145788,5324;57,33;0;0
3700;150245,9992;150084,1616;99,89;0;0
3701;134994,9374;134994,9374;100;0;0
3702;61182,2084;0;0;0;0
3703;406556,0515;387786,4447;95,38;0;0
3704;417147,609;417147,609;100;0;0
3705;46,02297194;0;0;0;0
3706;127643,0701;0;0;0;0
3707;203863,9343;0;0;0;0
3708;237599,1349;0;0;0;0
3709;259125,5605;0;0;0;0
3710;140103,2016;0;0;0;0
3711;18908,30864;0;0;0;0
3712;152018,5047;0;0;0;0
3713;552023,2231;0;0;0;0
3714;814587,9515;0;0;0;0
3715;930997,6091;0;0;0;0
3716;634080,8367;0;0;0;0
3717;386920,3384;0;0;0;0
3718;13701,36929;0;0;0;0
3719;3272,849593;0;0;0;0
3720;249620,6188;0;0;0;0
3721;291259,2304;0;0;0;0
3722;23856,13312;0;0;0;0
3723;155534,0038;0;0;0;0
3724;11963,56836;0;0;0;0
3725;153252,6269;0;0;0;0
3726;28810,95406;0;0;0;0
3727;91800,71539;0;0;0;0
3728;156477,3607;0;0;0;0
3729;300483,9317;0;0;0;0
3730;316375,5817;0;0;0;0
3731;1940094,64;0;0;0;0
3732;594379,337;0;0;0;0
3733;946002,2349;0;0;0;0
3734;1348625,981;0;0;0;0
3735;1906782,455;0;0;0;0
3736;2049592,224;0;0;0;0
3737;1395589,245;0;0;0;0
3738;772935,2973;0;0;0;0
3739;576214,6909;0;0;0;0
3740;211426,1313;33618,01915;15,9;0;0
3741;42204,03716;0;0;0;0
3742;1093163,06;0;0;0;0
3743;58271,23241;0;0;0;0
3744;264836,7501;0;0;0;0
3745;54846,42252;0;0;0;0
3746;767170,9894;30333,73885;3,95;0;0
3747;37534,29591;0;0;0;0
3748;399610,6083;0;0;0;0
3749;135646,8708;3187,781779;2,35;0;0
3750;41167,68783;0;0;0;0
3751;186355,9864;0;0;0;0
3752;458,4051403;0;0;0;0
3753;97235,14228;0;0;0;0
3754;224738,4249;0;0;0;0
3755;189638,0989;0;0;0;0
3756;43996,7249;0;0;0;0
3757;103448,3957;0;0;0;0
3758;175726,2352;0;0;0;0
3759;272551,1857;0;0;0;0
3760;320983,5815;0;0;0;0
3761;80581,88069;39272,99088;48,74;0;0
3762;19940,7086;0;0;0;0
3763;162021,334;0;0;0;0
3764;148964,7274;0;0;0;0
3765;212331,9161;0;0;0;0
3766;271390,7155;0;0;0;0
3767;220356,1567;0;0;0;0
3768;105258,7585;0;0;0;0
3769;23939,53035;0;0;0;0
3770;261432,3485;0;0;0;0
3771;25104,30375;0;0;0;0
3772;19077,86878;0;0;0;0
3773;334794,0926;0;0;0;0
3774;63224,55778;0;0;0;0
3775;104012,9032;0;0;0;0
3776;266896,1697;0;0;0;0
3777;43302,24415;0;0;0;0
3778;57040,71195;0;0;0;0
3779;156601,8792;0;0;0;0
3780;21003,59608;0;0;0;0
3781;106254,0921;0;0;0;0
3782;298428,0602;0;0;0;0
3783;54290,10815;0;0;0;0
3784;774,4893383;0;0;0;0
3785;97004,59774;0;0;0;0
3786;100243,9951;0;0;0;0
3787;274341,5685;0;0;0;0
3788;266161,8903;0;0;0;0
3789;51748,80182;0;0;0;0
3790;195701,7408;0;0;0;0
3791;19318,80905;0;0;0;0
3792;294,2811355;0;0;0;0
3793;353667,868;0;0;0;0
3794;380598,3397;0;0;0;0
3795;125705,8097;0;0;0;0
3796;417238,076;0;0;0;0
3797;392183,5326;0;0;0;0
3798;381915,3629;0;0;0;0
3799;388281,5635;0;0;0;0
3800;525674,1411;0;0;0;0
3801;62526,75512;0;0;0;0
3802;140800,4285;0;0;0;0
3803;166269,6928;0;0;0;0
3804;240690,0161;0;0;0;0
3805;95530,89923;0;0;0;0
3806;225932,1396;0;0;0;0
3807;405737,5103;0;0;0;0
3808;199283,8283;0;0;0;0
3809;17170,74003;0;0;0;0
3810;304867,7652;0;0;0;0
3811;81251,04343;0;0;0;0
3812;525849,8871;0;0;0;0
3813;11168,43363;0;0;0;0
3814;241622,4706;0;0;0;0
3815;526073,201;0;0;0;0
3816;514922,6107;0;0;0;0
3817;627182,4437;0;0;0;0
3818;1030659,378;0;0;0;0
3819;132789,4262;0;0;0;0
3820;96046,86974;0;0;0;0
3821;1269879,043;0;0;0;0
3822;80416,71433;0;0;0;0
3823;1003381,38;0;0;0;0
3824;318495,2715;0;0;0;0
3825;169173,4704;0;0;0;0
3826;35777,45519;0;0;0;0
3827;149805,2016;0;0;0;0
3828;397149,7996;0;0;0;0
3829;469851,6978;0;0;0;0
3830;223044,0463;0;0;0;0
3831;15364,26054;0;0;0;0
3832;28985,15058;0;0;0;0
3833;556640,5975;0;0;0;0
3834;209766,4515;0;0;0;0
3835;654,3400625;0;0;0;0
3836;205537,453;0;0;0;0
3837;278849,2141;0;0;0;0
3838;305940,6343;0;0;0;0
3839;448820,8145;0;0;0;0
3840;477891,1511;0;0;0;0
3841;162756,7555;0;0;0;0
3842;88068,98074;0;0;0;0
3843;779131,4133;0;0;0;0
3844;270029,6366;0;0;0;0
3845;92247,87348;0;0;0;0
3846;11249,30431;0;0;0;0
3847;69821,59094;0;0;0;0
3848;269527,7472;0;0;0;0
3849;272652,5822;0;0;0;0
3850;363595,2803;0;0;0;0
3851;36317,54506;0;0;0;0
3852;339746,8024;0;0;0;0
3853;433635,7966;0;0;0;0
3854;363712,3937;0;0;0;0
3855;334709,1111;0;0;0;0
3856;258634,7969;0;0;0;0
3857;12772,84706;0;0;0;0
3858;906803,7816;0;0;0;0
3859;233333,5837;0;0;0;0
3860;1124,490205;0;0;0;0
3861;77946,69328;0;0;0;0
3862;29679,8677;0;0;0;0
3863;360436,8562;0;0;0;0
3864;717866,5887;0;0;0;0
3865;529405,9661;0;0;0;0
3866;421828,0309;0;0;0;0
3867;157715,0164;0;0;0;0
3868;713,5564112;0;0;0;0
3869;134060,7759;0;0;0;0
3870;224791,7521;0;0;0;0
3871;76263,19876;0;0;0;0
3872;34451,43512;0;0;0;0
3873;1990,861092;0;0;0;0
3874;659242,0757;0;0;0;0
3875;9076,373789;0;0;0;0
3876;831426,57;0;0;0;0
3877;360854,4546;0;0;0;0
